Nazwa,Opis,Cena bez podatku.,Cena zawiera podatek.,Dostępne do zamówienia,Ilość,Kategorie,Cecha,Adresy URL zdjęcia
Xiaomi Redmi 10 4/64GB Carbon Gray 90Hz,"""Smartfon Xiaomi Redmi 10 64 GB Carbon Gray
Xiaomi Redmi 10 64 GB Carbon Gray swoim wyglądem i możliwościami wprowadza rewolucje do całej serii tych smartfonów. Jego stylowy i profesjonalny design można śmiało przyrównać do flagowych modeli. Napędzany najnowszym procesorem MediaTek G88 i z baterią 5000 mAh zapewni Ci płynną pracę nawet przez cały dzień. A gdy najdzie Cię ochota, oglądaj filmy na 6,5"" ekranie z odświeżaniem 90 Hz lub cyknij parę wysokiej jakości zdjęć. System czterech obiektywów z matrycą główna 50 Mpix jest do Twojej dyspozycji.""",568.29,699.00,1,4,smartfony-i-telefony,Procesor:MediaTek Helio G88:1:0;Pamięć:4 GB:2:0,http://localhost/import/Xiaomi_Redmi_10_4_64GB_Carbon_Gray_90Hz.jpg
Xiaomi Redmi Note 11S 6/128GB Graphite Gray,"""Smartfon Xiaomi Redmi Note 11S 128 GB Graphite Gray
Xiaomi Redmi Note 11S 128 GB Graphite Gray to elegancki smartfon, w którym zamknięta została pojemna bateria. Dzięki niemu możesz spotykać się ze znajomymi online i rywalizować z wirtualnymi przeciwnikami, jak długo chcesz. Poczwórny aparat to niczym nieograniczone twórcze możliwości. Włącz ulubiony serial na dużym i jasnym ekranie i rozkoszuj się wizualną ucztą dzięki szerokiej gamie kolorów DCI-P3.""",893.5,1099.00,1,9,smartfony-i-telefony,Procesor:MediaTek Helio G96:1:0;Pamięć:6 GB:2:0,http://localhost/import/Xiaomi_Redmi_Note_11S_6_128GB_Graphite_Gray.jpg
Xiaomi Redmi 10C 4/128GB Graphite Gray NFC,"""Smartfon Xiaomi Redmi 10C 128 GB Graphite Gray
Xiaomi Redmi 10C 128 GB Graphite Gray to doskonała propozycja dla osób ceniących sobie wygodę, elegancję i płynne działanie smartfonu. Z takim urządzeniem zrobisz dobrej jakości zdjęcia z weekendowych imprez, szybko otworzysz kolejną aplikację lub włączysz ulubiony serial. Dzięki zabezpieczeniom w postaci czytnika linii papilarnych i skanera twarzy masz pewność, że nikt poza Tobą nie odblokuje Twojego telefonu.""",730.89,899.00,1,12,smartfony-i-telefony,Procesor:Qualcomm Snapdragon 680:1:0;Pamięć:4 GB:2:0,http://localhost/import/Xiaomi_Redmi_10C_4_128GB_Graphite_Gray_NFC.jpg
Xiaomi Redmi Note 11 4/128GB Graphite Gray,"""Poznaj Xiaomi Redmi Note 11 w 100 sekund
Obejrzyj poniższy materiał wideo i dowiedz się, jakie zalety posiada Xiaomi Redmi Note 11. W jedyne 100 sekund zapoznaj się z produktem i odkryj jego najważniejsze cechy.""",730.89,899.00,1,9,smartfony-i-telefony,Procesor:Qualcomm Snapdragon 680:1:0;Pamięć:4 GB:2:0,http://localhost/import/Xiaomi_Redmi_Note_11_4_128GB_Graphite_Gray.jpg
Samsung Galaxy S21 FE 5G Fan Edition Grey,"""Smartfon Samsung Galaxy S21 FE
Poznaj Samsung Galaxy S21 FE, czyli smartfon stworzony dla wymagających użytkowników. Ciesz się niespotykaną szybkością działania, sprawnie poruszaj się między aplikacjami i pamiętaj, że pojemna bateria zagwarantuje Ci wiele godzin świetnej zabawy. Rób ciekawe zdjęcia w wysokiej rozdzielczości i dziel się nimi za pośrednictwem mediów społecznościowych.""",2438.21,2999.00,1,8,smartfony-i-telefony,Procesor:Qualcomm Snapdragon 888:1:0;Pamięć:6 GB:2:0,http://localhost/import/Samsung_Galaxy_S21_FE_5G_Fan_Edition_Grey.jpg
ASUS ZenFone 8 8/128GB Black,"""ASUS ZenFone 8 8/128 GB Black
Stylowy i wydajny ASUS ZenFone 8 8/128 GB Black łączy w sobie wysoką moc z dużym komfortem obsługi. Kluczem do sukcesu jest najnowocześniejszy procesor Qualcomm® Snapdragon™ 888. Smartfon wykona wszystkie Twoje polecenia bez żadnych opóźnień. Zrób zdjęcia profesjonalnym systemem aparatów, który wykona najlepszej jakości fotografie. Obejrzysz je na 120 Hz ekranie AMOLED. A dzięki baterii o pojemności 4000 mAh ZenFone 8 da Ci nieprzerwaną rozrywkę przez długie godziny.""",1625.2,1999.00,1,7,smartfony-i-telefony,Procesor:Qualcomm Snapdragon 888:1:0;Pamięć:8 GB:2:0,http://localhost/import/ASUS_ZenFone_8_8_128GB_Black.jpg
Xiaomi Redmi Note 11S 6/64GB Graphite Gray,"""Smartfon Xiaomi Redmi Note 11S 64 GB Graphite Gray
Xiaomi Redmi Note 11S 64 GB Graphite Gray to smartfon, który oferuje świetny stosunek ceny do jakości. Z nim każde zadanie realizujesz szybko i bez zbędnych przeszkód. Zaoszczędzisz dzięki temu sporo czasu, który możesz przeznaczyć na chwilę rozrywki. A ta na Redmi Note 11S stoi zawsze na wysokim poziomie. Granie w gry, oglądanie filmów czy samo skrolowanie potrali społecznościowych jest bardzo wygodne. Daj mu szansę, a z pewnością Cię nie zawiedzie.""",771.54,949.00,1,3,smartfony-i-telefony,Procesor:MediaTek Helio G96:1:0;Pamięć:6 GB:2:0,http://localhost/import/Xiaomi_Redmi_Note_11S_6_64GB_Graphite_Gray.jpg
Xiaomi Redmi Note 11 4/64GB Star Blue,"""Poznaj Xiaomi Redmi Note 11 w 100 sekund
Obejrzyj poniższy materiał wideo i dowiedz się, jakie zalety posiada Xiaomi Redmi Note 11. W jedyne 100 sekund zapoznaj się z produktem i odkryj jego najważniejsze cechy.""",649.59,799.00,1,3,smartfony-i-telefony,Procesor:Qualcomm Snapdragon 680:1:0;Pamięć:4 GB:2:0,http://localhost/import/Xiaomi_Redmi_Note_11_4_64GB_Star_Blue.jpg
Samsung Galaxy M23 5G 4/128GB Green 120Hz,"""Poznaj Samsung Galaxy M23 5G w 100 sekund
Obejrzyj poniższy materiał wideo i dowiedz się, jakie zalety posiada Samsung Galaxy M23 5G. W jedyne 100 sekund zapoznaj się z produktem i odkryj jego najważniejsze cechy.""",812.2,999.00,1,10,smartfony-i-telefony,Procesor:Qualcomm Snapdragon 750G:1:0;Pamięć:4 GB:2:0,http://localhost/import/Samsung_Galaxy_M23_5G_4_128GB_Green_120Hz.jpg
Samsung Galaxy S20 FE 5G Fan Edition 8/256GB Niebieski,"""Możesz kupić maksymalnie dwie sztuki smartfona Samsung Galaxy S20 FE Fan Edition – niezależnie od wersji i koloru. Wszystkie zamówienia na więcej sztuk będziemy automatycznie edytować.
Dostępność produktu jest uzależniona od dostaw producenta. Zamówienia będą realizowane chronologicznie.""",1787.8,2199.00,1,9,smartfony-i-telefony,Procesor:Qualcomm Snapdragon 865:1:0;Pamięć:8 GB:2:0,http://localhost/import/Samsung_Galaxy_S20_FE_5G_Fan_Edition_8_256GB_Niebieski.jpg
Xiaomi Redmi Note 10 Pro 6/64GB Nebula Purple 120Hz,"""Xiaomi Redmi Note 10 Pro 6/64 GB Nebula Purple
Postaw na idealną równowagę pomiędzy jakością i pięknem a możliwościami. Zyskasz to, wybierając Xiaomi Redmi Note 10 Pro 6/64 GB Nebula Purple. Smartfon działa płynnie i pozwala na swobodną obsługę ulubionych aplikacji. Dodatkowo oferuje wysokiej jakości obraz, mocny dźwięk oraz wiele przydatnych funkcji. Sprawnie odblokuj urządzenie przy pomocy czytnika linii papilarnych i korzystaj do woli z fioletowego Xiaomi Redmi Note 10 Pro.""",893.5,1099.00,1,6,smartfony-i-telefony,Procesor:Qualcomm Snapdragon 732G:1:0;Pamięć:6 GB:2:0,http://localhost/import/Xiaomi_Redmi_Note_10_Pro_6_64GB_Nebula_Purple_120Hz.jpg
Xiaomi Redmi Note 11S 6/128GB Twilight Blue,"""Smartfon Xiaomi Redmi Note 11S 128 GB Twilight Blue
Wybierz smartfon, który zaoferuje Ci świetny stosunek ceny do jakości. Xiaomi Redmi Note 11S 128 GB Twilight Blue ma dla Ciebie wszystko, co najlepsze. Możesz pracować na nim szybciej i wydajniej, dzięki czemu każde zadanie ukończysz szybciej. Czas wolny możesz przeznaczyć na rozrywkę w najlepszym wydaniu. Granie w gry czy oglądanie filmów na tym urządzeniu jest bardzo wygodne. Xiaomi Redmi Note 11S to smartfon, po który zawsze chętnie sięgniesz.""",893.5,1099.00,1,7,smartfony-i-telefony,Procesor:MediaTek Helio G96:1:0;Pamięć:6 GB:2:0,http://localhost/import/Xiaomi_Redmi_Note_11S_6_128GB_Twilight_Blue.jpg
Xiaomi Redmi Note 11 4/64GB Twilight Blue,"""Poznaj Xiaomi Redmi Note 11 w 100 sekund
Obejrzyj poniższy materiał wideo i dowiedz się, jakie zalety posiada Xiaomi Redmi Note 11. W jedyne 100 sekund zapoznaj się z produktem i odkryj jego najważniejsze cechy.""",649.59,799.00,1,4,smartfony-i-telefony,Procesor:Qualcomm Snapdragon 680:1:0;Pamięć:4 GB:2:0,http://localhost/import/Xiaomi_Redmi_Note_11_4_64GB_Twilight_Blue.jpg
Samsung Galaxy A32 SM-A325F 4/128GB Black,"""Możesz kupić maksymalnie dwie sztuki smartfona Samsung Galaxy A32 – niezależnie od wersji i koloru. Wszystkie zamówienia na więcej sztuk będziemy automatycznie edytować.
Dostępność produktu jest uzależniona od dostaw producenta. Zamówienia będą realizowane chronologicznie.""",771.54,949.00,1,11,smartfony-i-telefony,Procesor:MediaTek MT6769T Helio G80:1:0;Pamięć:4 GB:2:0,http://localhost/import/Samsung_Galaxy_A32_SM-A325F_4_128GB_Black.jpg
Xiaomi Redmi Note 11 4/64GB Graphite Gray,"""Poznaj Xiaomi Redmi Note 11 w 100 sekund
Obejrzyj poniższy materiał wideo i dowiedz się, jakie zalety posiada Xiaomi Redmi Note 11. W jedyne 100 sekund zapoznaj się z produktem i odkryj jego najważniejsze cechy.""",649.59,799.00,1,12,smartfony-i-telefony,Procesor:Qualcomm Snapdragon 680:1:0;Pamięć:4 GB:2:0,http://localhost/import/Xiaomi_Redmi_Note_11_4_64GB_Graphite_Gray.jpg
Xiaomi Redmi 9A 2/32GB Grey,"""Smartfon Xiaomi Redmi 9A Grey
Odkryj Xiaomi Redmi 9A szary — smartfon o dużych możliwościach w rozsądnej cenie. Z nim zrobisz świetne zdjęcia w każdych warunkach z aparatem wspieranym przez sztuczną inteligencję. Duży, przestronny ekran z zakrzywionymi krawędziami o przekątnej 6,53” pozwoli bezpiecznie korzystać z urządzenia dzięki niskiej emisji światła niebieskiego. Wielogodzinna zabawa z urządzeniem możliwa jest za sprawą baterii o pojemności aż 5000 mAh oraz energooszczędnym, ale zarazem wydajnym komponentom.""",389.43,479.00,1,9,smartfony-i-telefony,Procesor:MediaTek Helio G25:1:0;Pamięć:2 GB:2:0,http://localhost/import/Xiaomi_Redmi_9A_2_32GB_Grey.jpg
Xiaomi Redmi 9C NFC 2/32GB Aurora Green,"""Smartfon Xiaomi Redmi 9C NFC 32 GB Aurora Green
Xiaomi Redmi 9C NFC 32 GB Aurora Green to smartfon, z którym codzienność stanie jest prostsza. Dzięki niemu wykonasz podstawowe zadania bez opóźnień, obejrzysz nowy film w podróży albo zadzwonisz do najbliższych. Rób zdjęcia dobrej jakości i dziel się nimi w mediach społecznościowych. Odblokuj smartfon przy pomocy czytnika linii papilarnych lub z inteligentnym rozpoznawaniem twarzy i zobacz, co może zaoferować Ci Redmi 9C.""",389.43,479.00,1,6,smartfony-i-telefony,Procesor:MediaTek Helio G35:1:0;Pamięć:2 GB:2:0,http://localhost/import/Xiaomi_Redmi_9C_NFC_2_32GB_Aurora_Green.jpg
Samsung Galaxy S20 FE 5G Fan Edition Niebieski,"""Możesz kupić maksymalnie dwie sztuki smartfona Samsung Galaxy S20 FE Fan Edition – niezależnie od wersji i koloru. Wszystkie zamówienia na więcej sztuk będziemy automatycznie edytować.
Dostępność produktu jest uzależniona od dostaw producenta. Zamówienia będą realizowane chronologicznie.""",1625.2,1999.00,1,6,smartfony-i-telefony,Procesor:Qualcomm Snapdragon 865:1:0;Pamięć:6 GB:2:0,http://localhost/import/Samsung_Galaxy_S20_FE_5G_Fan_Edition_Niebieski.jpg
Xiaomi Redmi Note 10 Pro 6/64GB Onyx Gray 120Hz,"""Poznaj Xiaomi Redmi Note 10 Pro w 60 sekund
Chcesz poznać zalety, jakie posiada Xiaomi Redmi Note 10 Pro? Możesz to zrobić w zaledwie 60 sekund, oglądając poniższy materiał wideo.""",893.5,1099.00,1,7,smartfony-i-telefony,Procesor:Qualcomm Snapdragon 732G:1:0;Pamięć:6 GB:2:0,http://localhost/import/Xiaomi_Redmi_Note_10_Pro_6_64GB_Onyx_Gray_120Hz.jpg
Xiaomi Redmi 9C NFC 3/64GB Midnight Grey,"""Smartfon Xiaomi Redmi 9C NFC Grey
Wybierz Xiaomi Redmi 9C NFC szary i poczuj różnicę. Duży ekran o przekątnej 6,53” wyświetli obraz bogaty w żywe kolory. Świetne zdjęcia niezależnie od sytuacji wykonasz przy użyciu systemu 2 aparatów umieszczonych na tylnej obudowie. Nad płynnością działania czuwa wydajny procesor i szybka pamięć RAM. Korzystaj z wbudowanej łączności NFC i płać wygodnie za zakupy przy użyciu telefonu.""",446.34,549.00,1,12,smartfony-i-telefony,Procesor:MediaTek Helio G35:1:0;Pamięć:3 GB:2:0,http://localhost/import/Xiaomi_Redmi_9C_NFC_3_64GB_Midnight_Grey.jpg
Motorola moto g71 5G 6/128GB Iron Black,"""Motorola moto g71 5G 128 GB Iron Black
Przed Tobą smartfon Motorola moto g71 5G 128 GB Iron Black, który będzie Twoim kompanem podczas nudnych i długich wycieczek pociągiem. Smartfon robi dobrej jakości zdjęcia, które przypadną do gustu Twoim obserwatorom w mediach społecznościowych. Do tego ma pojemną baterię oraz duży wyświetlacz. Jego subtelny kolor wkomponuje się w każdą sytuację, a ponieważ pewnie leży w dłoni, nie musisz obawiać się, że go upuścisz.""",1788.11,2199.37,0,0,smartfony-i-telefony,Procesor:Qualcomm Snapdragon 695:1:0;Pamięć:6 GB:2:0,http://localhost/import/Motorola_moto_g71_5G_6_128GB_Iron_Black.jpg
Xiaomi Redmi Note 10 Pro 6/128GB Onyx Gray 120Hz,"""Xiaomi Redmi Note 10 Pro 128 GB Onyx Gray
Poznaj możliwości Xiaomi Redmi Note 10 Pro 128 GB Onyx szary, który został zaprojektowany z myślą o zachowaniu idealnej równowagi między jakością i pięknem. Smartfon zachwyci Cię dużym wyświetlaczem, dźwiękiem stereo i wygodnym czytnikiem papilarnym, umieszczonym z boku. Redmi Note 10 Pro 128 GB Onyx Gray jest również niezwykle wydajny, a odpowiada za to nowy procesor Qualcomm Snapdragon 732G. Jego niezwykłą moc poczujesz już od samego początku korzystania ze smartfona.""",893.5,1099.00,1,3,smartfony-i-telefony,Procesor:Qualcomm Snapdragon 732G:1:0;Pamięć:6 GB:2:0,http://localhost/import/Xiaomi_Redmi_Note_10_Pro_6_128GB_Onyx_Gray_120Hz.jpg
Xiaomi 11T 8/128GB Meteorite Gray,"""Smartfon Xiaomi 11T 128 GB Meteorite Gray
Poznaj smartfon, który został zaprojektowany z myślą o wymagających użytkownikach. Xiaomi 11T 128 GB Meteorite Gray to połączenie elegancji z nowoczesnością. Aparat, którym zrobisz doskonałe zdjęcia i nakręcisz zapierające dech w piersiach filmy. Świetna wydajność i duża bateria ułatwią Ci codzienną pracę, a kinowy ekran zrobi z Ciebie fana oglądania filmów na wyświetlaczu smartfona.""",1421.95,1749.00,1,2,smartfony-i-telefony,Procesor:MediaTek Dimensity 1200:1:0;Pamięć:8 GB:2:0,http://localhost/import/Xiaomi_11T_8_128GB_Meteorite_Gray.jpg
Samsung Galaxy A13 4/64GB Black,"""Smartfon Samsung Galaxy A13 64 GB Black
Samsung Galaxy A13 64 GB Black to smartfon, który dzięki swojej pojemnej baterii i wydajnemu procesorowi staje się idealnym sprzętem do relaksu. Razem z nim zrobisz również dobrej jakości zdjęcia, którymi szybko podzielisz się w mediach społecznościowych. Duży i jasny wyświetlacz świetnie sprawdzi się podczas przeglądania wiadomości ze świata, a dzięki czytnikowi linii papilarnych odblokowanie smartfonu nigdy nie było prostsze i bezpieczniejsze.""",690.24,849.00,1,10,smartfony-i-telefony,Procesor:MediaTek MT6177 Helio P70:1:0;Pamięć:4 GB:2:0,http://localhost/import/Samsung_Galaxy_A13_4_64GB_Black.jpg
vivo Y33s 8/128GB Mirror Black NFC,"""Smartfon vivo Y33s 128 GB Mirror Black
Lekki, smukły i niezwykle elegancki. Taki właśnie jest vivo Y33s 128 GB Mirror Black. Postaw na urządzenie, które bez problemów poradzi sobie z codziennymi zadaniami, a przy tym nie będziesz musiał nerwowo zerkać na poziom naładowania akumulatora. Dziel się ze znajomymi wspólnymi fotografiami, które zaskoczą ich jakością. Oglądaj filmy na dużym ekranie smartfona i odkrywaj możliwości urządzenia.""",812.2,999.00,1,4,smartfony-i-telefony,Procesor:MediaTek MT6769T Helio G80:1:0;Pamięć:8 GB:2:0,http://localhost/import/vivo_Y33s_8_128GB_Mirror_Black_NFC.jpg
ASUS ZenFone 9 8/256GB Black,"""Smartfon ASUS ZenFone 9 8/256 GB Black
Otwórz się na nowe możliwości, jakie może Ci zaoferować ASUS ZenFone 9 8/256 GB Black. Ekran 5,9” AMOLED sprawia, że smartfon wyróżnia się z tłumu swoim kompaktowym rozmiarem. W oczy rzuca się też intrygujący wygląd obiektywów na tylnej obudowie. To zaawansowany system aparatów z wbudowaną 6-osiową hybrydową stabilizacją obrazu.
Przekonaj się sam jak sobie radzi i rób zdjęcia lub kręć filmy nawet w ruchu. ASUS ZenFone 9 otrzymał również najnowocześniejszy procesor Snapdragon® 8+ Gen 1 oraz baterię 4300 mAh, by dać Ci wszystko to, co najlepsze.""",3251.22,3999.00,1,5,smartfony-i-telefony,Procesor:Qualcomm Snapdragon 8+ gen 1 SM8475:1:0;Pamięć:8 GB:2:0,http://localhost/import/ASUS_ZenFone_9_8_256GB_Black.jpg
Motorola moto e22 4/64GB Astro Black,"""Smartfon Motorola Moto E22
Przed Tobą Motorola Moto E22. Wykonano ją z materiałów najwyższej jakości. Do tego jest smukła i elegancka, a hydrofobowa powłoka chroni ją przed zachlapaniem. Wydajny procesor i pojemna bateria ułatwią Ci bycie mobilnym. Rób piękne zdjęcia z użyciem aparatu głównego i ciesz się z jakości wyświetlanych filmów na dużym i jasnym ekranie.""",446.34,549.00,1,5,smartfony-i-telefony,Procesor:MediaTek Helio G37:1:0;Pamięć:4 GB:2:0,http://localhost/import/Motorola_moto_e22_4_64GB_Astro_Black.jpg
Samsung Galaxy A32 SM-A325F 4/128GB White,"""Możesz kupić maksymalnie dwie sztuki smartfona Samsung Galaxy A32 – niezależnie od wersji i koloru. Wszystkie zamówienia na więcej sztuk będziemy automatycznie edytować.
Dostępność produktu jest uzależniona od dostaw producenta. Zamówienia będą realizowane chronologicznie.""",771.54,949.00,1,9,smartfony-i-telefony,Procesor:MediaTek MT6769T Helio G80:1:0;Pamięć:4 GB:2:0,http://localhost/import/Samsung_Galaxy_A32_SM-A325F_4_128GB_White.jpg
Motorola moto e22 4/64GB Crystal Blue,"""Smartfon Motorola Moto E22
Przed Tobą Motorola Moto E22. Wykonano ją z materiałów najwyższej jakości. Do tego jest smukła i elegancka, a hydrofobowa powłoka chroni ją przed zachlapaniem. Wydajny procesor i pojemna bateria ułatwią Ci bycie mobilnym. Rób piękne zdjęcia z użyciem aparatu głównego i ciesz się z jakości wyświetlanych filmów na dużym i jasnym ekranie.""",446.34,549.00,1,10,smartfony-i-telefony,Procesor:MediaTek Helio G37:1:0;Pamięć:4 GB:2:0,http://localhost/import/Motorola_moto_e22_4_64GB_Crystal_Blue.jpg
Samsung Galaxy M23 5G 4/128GB Blue 120Hz,"""Poznaj Samsung Galaxy M23 5G w 100 sekund
Obejrzyj poniższy materiał wideo i dowiedz się, jakie zalety posiada Samsung Galaxy M23 5G. W jedyne 100 sekund zapoznaj się z produktem i odkryj jego najważniejsze cechy.""",812.2,999.00,1,9,smartfony-i-telefony,Procesor:Qualcomm Snapdragon 750G:1:0;Pamięć:4 GB:2:0,http://localhost/import/Samsung_Galaxy_M23_5G_4_128GB_Blue_120Hz.jpg
Xiaomi Redmi 9C NFC 2/32GB Lavender Purple,"""Xiaomi Redmi 9C NFC 32 GB Lavender Purple
Przed Tobą Redmi 9C NFC 32 GB Lavender Purple, czyli ciekawy smartfon, który ułatwi Ci codzienne życie. Dzięki niemu możesz godzinami kontaktować się z najbliższymi lub grać w relaksujące gry. Do tego aparat główny pomoże Ci uwiecznić ważne dla Ciebie chwile w dobrej jakości. Usiądź wygodnie i rozkoszuj się doskonale widocznymi treściami na dużym i jasnym wyświetlaczu.""",389.43,479.00,1,7,smartfony-i-telefony,Procesor:MediaTek Helio G35:1:0;Pamięć:2 GB:2:0,http://localhost/import/Xiaomi_Redmi_9C_NFC_2_32GB_Lavender_Purple.jpg
Xiaomi Redmi 9A 2/32GB Glacial Blue,"""Smartfon Xiaomi Redmi 9A Glacial Blue
Xiaomi Redmi 9A Glacial Blue mimo swej atrakcyjnej ceny ma wiele do zaoferowania. Wydajne, a zarazem energooszczędne komponenty pozwolą na bardzo długą pracę baterii o pojemności 5000 mAh. Przestronny ekran 6,53” emituje mniej szkodliwego światła niebieskiego, dzięki czemu Twój wzrok mniej się męczy. Niebieski Xiaomi Redmi 9A ma też całkiem niezły aparat, który dodatkowo wspiera sztuczna inteligencja.""",389.43,479.00,1,11,smartfony-i-telefony,Procesor:MediaTek Helio G25:1:0;Pamięć:2 GB:2:0,http://localhost/import/Xiaomi_Redmi_9A_2_32GB_Glacial_Blue.jpg
Xiaomi Redmi Note 11S 6/64GB Twilight Blue,"""Xiaomi Redmi Note 11S 64 GB Twilight Blue
Ekran w Xiaomi Redmi Note 11S 64 GB niebieski jest o wielkości 6,43 cala i ma matrycę AMOLED. Dzięki temu każde oglądane treści będą dobrej jakości. A kolory Cię oczarują. Nie zapomniano również o aparatach. Jest on z przodu, jak i z tyłu. Wybierz odpowiedni i zacznij wykonywać świetne ujęcia. O jakość się nie martw o nią zadba Redmi Note 11S. A całość zamknięto w eleganckiej obudowie w niebieskim kolorze. Ona sprawi, że nie raz zawiesisz na niej dłuższe spojrzenie.""",771.54,949.00,1,9,smartfony-i-telefony,Procesor:MediaTek Helio G96:1:0;Pamięć:6 GB:2:0,http://localhost/import/Xiaomi_Redmi_Note_11S_6_64GB_Twilight_Blue.jpg
Samsung Galaxy S22 8/128GB Black,"""W 100 sekund dookoła Samsung Galaxy S22
Zastanawiasz się nad zakupem Samsung Galaxy S22? Poniższy materiał wideo w zwięzłej formie zaprezentuje Ci produkt i przedstawi jego zalety.""",3007.32,3699.00,1,7,smartfony-i-telefony,Procesor:Samsung Exynos 2200:1:0;Pamięć:8 GB:2:0,http://localhost/import/Samsung_Galaxy_S22_8_128GB_Black.jpg
Samsung Galaxy A53 5G 6/128GB 120Hz Black,"""Poznaj Samsung Galaxy A53 5G w 100 sekund
Obejrzyj poniższy materiał wideo i dowiedz się, jakie zalety posiada Samsung Galaxy A53 5G. W jedyne 100 sekund zapoznaj się z produktem i odkryj jego najważniejsze cechy.""",1706.5,2099.00,1,8,smartfony-i-telefony,Procesor:Samsung Exynos 1280:1:0;Pamięć:6 GB:2:0,http://localhost/import/Samsung_Galaxy_A53_5G_6_128GB_120Hz_Black.jpg
Samsung Galaxy M13 4/64GB Green,"""W 100 sekund dookoła Samsung Galaxy M13
Chcesz lepiej poznać Samsung Galaxy M13? Oglądając poniższy materiał wideo, w zaledwie 100 sekund poznasz wszystkie cechy tego produktu.""",608.94,749.00,1,3,smartfony-i-telefony,Procesor:Samsung Exynos 850:1:0;Pamięć:4 GB:2:0,http://localhost/import/Samsung_Galaxy_M13_4_64GB_Green.jpg
Xiaomi Redmi 10C 4/64GB Graphite Gray NFC,"""Xiaomi Redmi 10C 64 GB Graphite Gray
Smartfon Xiaomi Redmi 10C 64 GB Graphite Gray to uniwersalne urządzenie. Każdego dnia wykonasz na nim wszystkie swoje obowiązki. Potem możesz wykorzystać go, by zapewnić sobie chwilę relaksu. Dzięki ekranowi 6,7” telefon nadaje się do oglądania filmów i seriali, a także do grania w popularne gry. Aparat 50 Mpix wykona dla Ciebie ładne zdjęcia i filmy. Nie powinno Ci też zabraknąć energii w trakcie dnia, bo 5000 mAh bateria wystarcza na długo.""",568.29,699.00,1,6,smartfony-i-telefony,Procesor:Qualcomm Snapdragon 680:1:0;Pamięć:4 GB:2:0,http://localhost/import/Xiaomi_Redmi_10C_4_64GB_Graphite_Gray_NFC.jpg
Xiaomi POCO X4 Pro 5G 8/256GB Laser blue,"""Xiaomi POCO X4 Pro 5G 256 GB Laser blue
Ten wygląd Cię onieśmieli. Xiaomi POCO X4 Pro 5G 256 GB niebieski ma nowoczesną konstrukcję, która nie raz Cię zachwyci. Na jej tyle zamontowano trzy aparaty. Wykonasz nimi szereg ciekawych zdjęć. Możesz także pograć w różne gry, albo przejrzeć ciekawe artykuły. Każda czynność na tym smartfonie będzie płynna. To zasługa głównie procesora Snapdragon 695. A całość dopełnia ekran. Ma on wielkość 6,67 cala, a pod nim schowano matrycę AMOLED. Teraz każda scena, czy obraz będą świetnej jakości. Korzystaj, o resztę zadba POCO X4 Pro 5G 256 GB.""",1381.3,1699.00,1,11,smartfony-i-telefony,Procesor:Qualcomm Snapdragon 695:1:0;Pamięć:8 GB:2:0,http://localhost/import/Xiaomi_POCO_X4_Pro_5G_8_256GB_Laser_blue.jpg
Samsung Galaxy A32 SM-A325F 4/128GB Light Violet,"""Możesz kupić maksymalnie dwie sztuki smartfona Samsung Galaxy A32 – niezależnie od wersji i koloru. Wszystkie zamówienia na więcej sztuk będziemy automatycznie edytować.
Dostępność produktu jest uzależniona od dostaw producenta. Zamówienia będą realizowane chronologicznie.""",771.54,949.00,1,4,smartfony-i-telefony,Procesor:MediaTek MT6769T Helio G80:1:0;Pamięć:4 GB:2:0,http://localhost/import/Samsung_Galaxy_A32_SM-A325F_4_128GB_Light_Violet.jpg
Samsung Galaxy S21 FE 5G Fan Edition 8/256GB White,"""Smartfon Samsung Galaxy S21 FE
Poznaj Samsung Galaxy S21 FE, czyli smartfon stworzony dla wymagających użytkowników. Ciesz się niespotykaną szybkością działania, sprawnie poruszaj się między aplikacjami i pamiętaj, że pojemna bateria zagwarantuje Ci wiele godzin świetnej zabawy. Rób ciekawe zdjęcia w wysokiej rozdzielczości i dziel się nimi za pośrednictwem mediów społecznościowych.""",2641.46,3249.00,1,2,smartfony-i-telefony,Procesor:Qualcomm Snapdragon 888:1:0;Pamięć:8 GB:2:0,http://localhost/import/Samsung_Galaxy_S21_FE_5G_Fan_Edition_8_256GB_White.jpg
realme 10 8+128 Rush Black,"""Smartfon realme 10 128 GB Rush Black
Poznaj jedyny w swoim rodzaju smartfon realme 10 128 GB Rush Black. Jego obudowa inspirowana była cząsteczkami światła oraz dynamicznymi zjawiskami kosmicznymi. Jego wydajność również jest nie z tej ziemi, a bateria wytrzymuje naprawdę wiele godzin na jednym ładowaniu. Duży ekran AMOLED to Twoje kinowe okno na nowości wielkiego formatu. Ruszaj na wycieczkę i rób piękne zdjęcia aparatem z wieloma inteligentnymi rozwiązaniami.""",974.8,1199.00,1,8,smartfony-i-telefony,Procesor:MediaTek Helio G99:1:0;Pamięć:8 GB:2:0,http://localhost/import/realme_10_8_128_Rush_Black.jpg
vivo Y33s 8/128GB Midday Dream NFC,"""Smartfon vivo Y33s 128 GB Midday Dream
Zobacz, co kryje w sobie vivo Y33s 128 GB Midday Dream i przekonaj się, jak ciekawy może być smartfon. Rób zdjęcia zarówno sobie, jak i znajomym w niezwykłej jakości. Odkrywaj możliwości urządzenia i nie myśl o jego wydajności. Pojemna bateria wspomoże każde z Twoich codziennych zadań, a duży ekran sprawi, że chętniej sięgniesz po smartfon, aby obejrzeć nowy sezon serialu.""",812.2,999.00,1,10,smartfony-i-telefony,Procesor:MediaTek MT6769T Helio G80:1:0;Pamięć:8 GB:2:0,http://localhost/import/vivo_Y33s_8_128GB_Midday_Dream_NFC.jpg
Xiaomi Redmi Note 11 Pro 6/128GB Graphite Gray,"""Smartfon Xiaomi Redmi Note 11 Pro 128 GB Graphite Gray
Smartfon Xiaomi Redmi Note 11 Pro 128 GB Graphite Gray to doskonały kompan podczas codziennych czynności. Dzięki niemu możesz przenieść fotografię na całkiem inny poziom. Aparat główny nigdy Cię nie rozczaruje. Pojemna bateria w połączeniu z wydajnym procesorem umożliwi Ci szybkie przeglądanie treści przez wiele godzin. Duży i czytelny ekran sprawdzi się doskonale, jeśli szukasz smartfonu do oglądania filmów i przeglądania prezentacji.""",1153.66,1419.00,1,11,smartfony-i-telefony,Procesor:MediaTek Helio G96:1:0;Pamięć:6 GB:2:0,http://localhost/import/Xiaomi_Redmi_Note_11_Pro_6_128GB_Graphite_Gray.jpg
Samsung Galaxy S21 FE 5G Fan Edition 8/256GB Green,"""Smartfon Samsung Galaxy S21 FE
Poznaj Samsung Galaxy S21 FE, czyli smartfon stworzony dla wymagających użytkowników. Ciesz się niespotykaną szybkością działania, sprawnie poruszaj się między aplikacjami i pamiętaj, że pojemna bateria zagwarantuje Ci wiele godzin świetnej zabawy. Rób ciekawe zdjęcia w wysokiej rozdzielczości i dziel się nimi za pośrednictwem mediów społecznościowych.""",2641.46,3249.00,1,4,smartfony-i-telefony,Procesor:Qualcomm Snapdragon 888:1:0;Pamięć:8 GB:2:0,http://localhost/import/Samsung_Galaxy_S21_FE_5G_Fan_Edition_8_256GB_Green.jpg
Xiaomi POCO X4 Pro 5G 8/256GB Laser black,"""Xiaomi POCO X4 Pro 5G 256 GB Laser black
Wykonuj szereg ciekawych zdjęć razem z Xiaomi POCO X4 Pro 5G 256 GB czarny. Dzięki trzem tylnym aparatom wyjdą świetnie. Możesz również pograć w różne gry, albo przejrzeć ciekawe artykuły. Każda czynność na tym smartfonie będzie płynna. To zasługa głównie procesora Snapdragon 695. A całość dopełnia wyświetlacz. Ma on wielkość 6,67 cala, a pod nim schowano matrycę AMOLED. Teraz każda scena, czy obraz będą świetnej jakości. Warto dodać, że obudowa POCO X4 Pro 5G ma niesamowity design, który Cię oczaruje i Twoich znajomych również.""",1381.3,1699.00,1,12,smartfony-i-telefony,Procesor:Qualcomm Snapdragon 695:1:0;Pamięć:8 GB:2:0,http://localhost/import/Xiaomi_POCO_X4_Pro_5G_8_256GB_Laser_black.jpg
ASUS ZenFone 8 8/128GB Silver,"""ASUS ZenFone 8 8/128 GB Silver
ASUS ZenFone 8 8/128 GB Silver to smartfon łączący w sobie duży komfort obsługi i wysoką wydajność. By to osiągnąć, zdecydowano się na najnowocześniejszy procesor Qualcomm® Snapdragon™ 888. To właśnie on odpowiada za maksymalną płynność działania aplikacji. Wykorzystaj też pełen potencjał profesjonalnego systemu aparatów. Efekty ich pracy możesz obejrzeć na wysokiej klasy ekranie AMOLED 120 Hz. Pracuj i baw się bez przerwy – z baterią o pojemności 4000 mAh to możliwe.""",1625.2,1999.00,1,12,smartfony-i-telefony,Procesor:Qualcomm Snapdragon 888:1:0;Pamięć:8 GB:2:0,http://localhost/import/ASUS_ZenFone_8_8_128GB_Silver.jpg
Xiaomi Redmi 9C NFC 2/32GB Midnight Gray,"""Xiaomi Redmi 9C NFC Midnight Gray
Otwórz się na wiele możliwości razem z Xiaomi Redmi 9C NFC szary. Jego obudowa nie raz sprawi, że zawiesisz na nim dłuższe spojrzenie. Pomiędzy ramkami konstrukcji znalazło się miejsce na duży ekran o wielkości 6,53 cala. Ma on rozdzielczość HD+. Dzięki temu możesz bez najmniejszych problemów odtworzyć ciekawy filmik w sieci, lub wysłać maila. Smartfon został także wyposażony w dwa główne obiektywy. Za ich pomocą uchwycisz ważne momenty. Na przykład podczas spotkania ze znajomymi.""",389.43,479.00,1,9,smartfony-i-telefony,Procesor:MediaTek Helio G35:1:0;Pamięć:2 GB:2:0,http://localhost/import/Xiaomi_Redmi_9C_NFC_2_32GB_Midnight_Gray.jpg
Nothing Phone (1) 12/256GB czarny,"""Poznaj Nothing Phone (1) w 100 sekund
Obejrzyj poniższy materiał wideo i dowiedz się, jakie zalety posiada Nothing Phone (1). W jedyne 100 sekund zapoznaj się z produktem i odkryj jego najważniejsze cechy.""",1909.76,2349.00,1,11,smartfony-i-telefony,"Procesor:Qualcomm Snapdragon 778G+ 5G (1 rdzeń, 2.5 GHz, A78 + 3 rdzenie, 2.2 GHz, A78 + 4 rdzenie, 1.9 GHz,:1:0;Pamięć:12 GB:2:0",http://localhost/import/Nothing_Phone_(1)_12_256GB_czarny.jpg
Samsung Galaxy A13 4/64GB Blue,"""Smartfon Samsung Galaxy A13 64 GB Blue
Sprawdź, jak ciekawym urządzeniem jest Samsung Galaxy A13 64 GB Blue i przekonaj się, że to coś dla Ciebie. Dzięki pojemnej baterii masz pewność, że w trakcie podróży pociągiem obejrzysz nie jeden, a kilka odcinku nowego serialu. Do tego duży ekran sprawi, że przeglądanie treści będzie jeszcze przyjemniejsze. Korzystaj z czytnika linii papilarnych podczas odblokowywania smartfonu, aby jeszcze szybciej mieć dostęp do najlepszej rozrywki.""",690.24,849.00,1,2,smartfony-i-telefony,Procesor:MediaTek MT6177 Helio P70:1:0;Pamięć:4 GB:2:0,http://localhost/import/Samsung_Galaxy_A13_4_64GB_Blue.jpg
Nokia G11 Dual SIM 3/32 czarny,"""Smartfon Nokia G11 32 GB czarny
Oto Nokia G11 32 GB czarny, czyli smartfon, który zaskoczy Cię swoimi możliwościami. Dzięki niemu zrobisz ładne zdjęcia, szybko udostępnisz je w mediach społecznościowych, a po ciężkim dniu pracy odpoczniesz przy kinowych produkcjach. Duży wyświetlacz zagwarantuje Ci doskonałą czytelność Twoich ulubionych portali informacyjnych, a szybkie ładowanie przyda się, kiedy nagle zabraknie Ci mocy, a musisz zaraz wyjść z domu. Postaw na mobilność, estetykę i klasę samą w sobie.""",568.29,699.00,1,12,smartfony-i-telefony,Procesor:Spreadtrum Unisoc T606:1:0;Pamięć:3 GB:2:0,http://localhost/import/Nokia_G11_Dual_SIM_3_32_czarny.jpg
Nothing Phone (1) 8/256GB czarny,"""Poznaj Nothing Phone (1) w 100 sekund
Obejrzyj poniższy materiał wideo i dowiedz się, jakie zalety posiada Nothing Phone (1). W jedyne 100 sekund zapoznaj się z produktem i odkryj jego najważniejsze cechy.""",1747.15,2149.00,1,6,smartfony-i-telefony,"Procesor:Qualcomm Snapdragon 778G+ 5G (1 rdzeń, 2.5 GHz, A78 + 3 rdzenie, 2.2 GHz, A78 + 4 rdzenie, 1.9 GHz,:1:0;Pamięć:8 GB:2:0",http://localhost/import/Nothing_Phone_(1)_8_256GB_czarny.jpg
Samsung Galaxy S22 8/256GB Black,"""W 100 sekund dookoła Samsung Galaxy S22
Zastanawiasz się nad zakupem Samsung Galaxy S22? Poniższy materiał wideo w zwięzłej formie zaprezentuje Ci produkt i przedstawi jego zalety.""",3169.92,3899.00,1,9,smartfony-i-telefony,Procesor:Samsung Exynos 2200:1:0;Pamięć:8 GB:2:0,http://localhost/import/Samsung_Galaxy_S22_8_256GB_Black.jpg
Nokia 6310 Dual SIM czarny,"""Telefon Nokia 6310
Nowa Nokia 6310 przyjmuje kultową sylwetkę oryginału i aktualizuje ją dzięki nowym, wspaniałym dodatkom, takim jak duży zakrzywiony ekran, poprawiona czytelność, a także szereg klasycznych funkcji, które znasz i lubisz: bezprzewodowe radio FM, imponująca bateria, która może wytrzymać tygodnie między ładowaniami i  klasyczna gra Snake.""",226.83,279.00,1,2,smartfony-i-telefony,Procesor:Spreadtrum SC6531F:1:0;Pamięć:8 MB:2:0,http://localhost/import/Nokia_6310_Dual_SIM_czarny.jpg
Samsung Galaxy S22 Ultra 8/128GB Black,"""Poznaj Samsung Galaxy S22 Ultra w 100 sekund
Obejrzyj poniższy materiał wideo i dowiedz się, jakie zalety posiada Samsung Galaxy S22 Ultra. W jedyne 100 sekund zapoznaj się z produktem i odkryj jego najważniejsze cechy.""",4389.43,5399.00,1,2,smartfony-i-telefony,Procesor:Samsung Exynos 2200:1:0;Pamięć:8 GB:2:0,http://localhost/import/Samsung_Galaxy_S22_Ultra_8_128GB_Black.jpg
Xiaomi POCO M4 Pro 8/256GB Power Black,"""Xiaomi POCO M4 Pro 8/256 GB Power Black
Xiaomi POCO M4 Pro 8/256 GB Power Black pozwoli Ci poczuć potencjał flagowca w bardzo rozsądnej cenie. Znajdziesz tu wszystko, czego potrzebujesz do codziennej pracy lub relaksu. Zaawansowany system aparatów z trzema obiektywami, mocny procesor, dużo RAM-u oraz świetny wyświetlacz. Wspólnie pozwolą Ci odnaleźć się w każdych warunkach, niezależnie od Twoich upodobań i potrzeb. Spędzaj czas tak, jak lubisz i nie martw się o zapas energii. O to zadba akumulator 5000 mAh z szybkim ładowaniem 33 W Pro.""",974.8,1199.00,1,2,smartfony-i-telefony,Procesor:MediaTek Helio G96:1:0;Pamięć:8 GB:2:0,http://localhost/import/Xiaomi_POCO_M4_Pro_8_256GB_Power_Black.jpg
Xiaomi POCO X4 GT 8/128GB Black,"""Xiaomi POCO X4 GT 128 GB Black
W Xiaomi POCO X4 GT 128 GB czarny wszystko wyświetlisz na ekranie o wielkości 6,6 cala. Ma on odświeżanie 144 Hz. Dzięki niemu każda scena lub obraz będzie wyświetlany bez efektu smużenia. Oddaj się rozrywce. A o to zadba wyświetlacz wraz z procesorem MediaTek Dimensity 8100. Ten duet zapewni świetne wrażenia podczas wolnych chwil z smartfonem od Xiaomi. Co więcej, tym telefonem także wykonasz parę ujęć. Wybierz przedni lub tylny aparat i porób kilka zdjęć. Resztą zajmie się POCO X4 GT.""",1381.3,1699.00,1,12,smartfony-i-telefony,Procesor:MediaTek Dimensity 8100:1:0;Pamięć:8 GB:2:0,http://localhost/import/Xiaomi_POCO_X4_GT_8_128GB_Black.jpg
Cat S42 H+ Dual SIM LTE czarny,"""Telefon Cat S42 H+ Dual SIM LTE czarny
Czarny Cat S42 H+ Dual SIM LTE powstał z myślą o tych, którzy wymagają od telefonu jeszcze więcej. Odporny na upadki, pył oraz wodę. Dodatkowo obudowa pokryta jonami srebra zapewni Ci większą odporność na bakterie. Pojemna bateria i duży, jasny ekran ułatwią Ci codzienną pracę. Jeśli często używasz w pracy rękawic to dla Cat S42 H+ żaden problem. Telefon możesz używać bez ich ściągania.""",812.2,999.00,1,5,smartfony-i-telefony,Procesor:MediaTek MT6761 Helio A20:1:0;Pamięć:3 GB:2:0,http://localhost/import/Cat_S42_H__Dual_SIM_LTE_czarny.jpg
Nokia G21 Dual SIM 4/64 niebieski,"""Nokia G21 Dual SIM niebieski
Zwróć uwagę na ten design. Nokia G21 Dual SIM niebieska ma świetny wygląd. Pośród jej konstrukcji umieszczono ekran o wielkości 6,5 cala. Dzięki niemu obejrzysz kolejny odcinek ulubionego serialu lub pograsz w ciekawe gry. O wydajność urządzenia nie musisz się martwić. Wyposażono je w procesor, który poradzi sobie z każdym wyzwaniem. Tym smartfonem także zrealizujesz wiele fotek. Przez tylny lub przedni aparat. Tak się prezentuje G21 Dual SIM.""",649.59,799.00,1,4,smartfony-i-telefony,Procesor:Spreadtrum Unisoc T606:1:0;Pamięć:4 GB:2:0,http://localhost/import/Nokia_G21_Dual_SIM_4_64_niebieski.jpg
Xiaomi Redmi 9C NFC 3/64GB Twilight Blue,"""Xiaomi Redmi 9C NFC 64GB Twilight Blue
Smartfon Xiaomi Redmi 9C NFC 64GB niebieski zachwyci Cię obrazem pełnym żywych kolorów wyświetlonym na 6,53” ekranie. Stylowa obudowa w rogu skrywa system dwóch aparatów, które sprawdzą się w każdej sytuacji. O płynną i niezawodną pracę dba wydajny procesor i szybka pamięć RAM. Korzystaj z łączności NFC i płać za swoje zakupy bez sięgania do portfela.""",446.34,549.00,1,4,smartfony-i-telefony,Procesor:MediaTek Helio G35:1:0;Pamięć:3 GB:2:0,http://localhost/import/Xiaomi_Redmi_9C_NFC_3_64GB_Twilight_Blue.jpg
ASUS ZenFone 9 8/128GB Black,"""Smartfon ASUS ZenFone 9 8/128 GB Black
ASUS ZenFone 9 8/128 GB Black to kompaktowy smartfon, który wygodnie mieści się w dłoni. Wszystko dzięki ekranowi 5,9”, co wyróżnia ten telefon na tle konkurencji. Mniejszy rozmiar nie oznacza jednak gorszych możliwości. ZenFone 9 to nadal ultrawydajny smartfon z mocnym procesorem, wytrzymałą baterią, a nawet zaawansowanym układem chłodzenia.
Pierwsze skrzypce grają tu również aparaty, które swoim wyglądem ściągają na siebie ciekawskie spojrzenia. Dzięki 6-osiowej stabilizacji obrazu zdjęcia wychodzą ostre i wyraźne, nawet podczas ruchu.""",3088.62,3799.00,1,5,smartfony-i-telefony,Procesor:Qualcomm Snapdragon 8+ gen 1 SM8475:1:0;Pamięć:8 GB:2:0,http://localhost/import/ASUS_ZenFone_9_8_128GB_Black.jpg
Xiaomi POCO M5 4/128GB Black,"""Smartfon Xiaomi POCO M5 128 GB Black
Szukasz smartfona w rozsądnej cenie, który zapewni Ci wysoką jakość obsługi? Zatem dobrze trafiłeś. Xiaomi POCO M5 128 GB Black ma Ci bardzo wiele do zaoferowania. Mocny procesor pozwoli Ci na płynną obsługę aplikacji, jak również popularnych gier. Ekran z wysokim odświeżaniem da Ci lekką przewagę nad przeciwnikami i poprawi komfort obsługi każdego dnia. Gdy przytrafi Ci się okazja do zdjęć, system aparatów zawsze służy pomocą i oferuje dobrą jakość obrazu.""",649.59,799.00,1,12,smartfony-i-telefony,Procesor:MediaTek Helio G99:1:0;Pamięć:4 GB:2:0,http://localhost/import/Xiaomi_POCO_M5_4_128GB_Black.jpg
Xiaomi POCO M4 Pro 8/256GB Cool Blue,"""Smartfon Xiaomi POCO M4 Pro 256 GB Cool Blue
Oto Xiaomi POCO M4 Pro 256 GB Cool Blue, który oprócz ciekawego i niecodziennego wyglądu ma również do zaoferowania doskonałą wydajność i długi czas pracy na jednym ładowaniu. Od teraz zdjęcia, które wykonasz, będą po prostu piękne. Oglądaj filmy na dużym wyświetlaczu albo utwórz wideokonferencje i zobacz wszystko dokładnie bez konieczności przybliżania się do ekranu.""",974.8,1199.00,1,6,smartfony-i-telefony,Procesor:MediaTek Helio G96:1:0;Pamięć:8 GB:2:0,http://localhost/import/Xiaomi_POCO_M4_Pro_8_256GB_Cool_Blue.jpg
Xiaomi Redmi Note 10S 6/128GB Onyx Gray,"""Xiaomi Redmi Note 10S 128 GB Onyx Gray
Każdy dzień to nowe wyzwanie. Przezwyciężaj je z Xiaomi Redmi Note 10S 128 GB szary. Jego konstrukcja została wykonana tak, aby dobrze telefon leżał w dłoni. Spójrz, ekran pokrywa prawie cały przód smartfona. Jest on o wielkości 6,43 cala i wspomaga go matryca AMOLED wraz z rozdzielczością Full HD+. Dzięki czemu każde oglądane treści będą w naprawdę dobrej jakości. Dodatkowo smartfon może się pochwalić tylnym aparatem. Są w nim ulokowane cztery obiektywy. Stań na chwilę i cyknij fotkę.""",1788.11,2199.37,0,0,smartfony-i-telefony,Procesor:MediaTek Helio G95:1:0;Pamięć:6 GB:2:0,http://localhost/import/Xiaomi_Redmi_Note_10S_6_128GB_Onyx_Gray.jpg
Motorola moto e20 2/32GB Graphite Gray,"""Motorola Moto E20 Graphite Gray
Motorola Moto E20 Graphite Gray ma nieszablonowy design, który intryguje swą fakturą. Obudowa przypominająca plaster miodu, nie tylko fajnie wyglądają, ale tez dobrze leży w dłoni. Ten lekki i smukły smartfon świetnie sprawdzi się, jeżeli szukasz sprzętu do podstawowych zadań. Odbierz pocztę, przejrzyj internet, zrób kilka ciekawych zdjęć i obejrzyj jakiś filmik. Wszystko to na dużym 6,5” ekranie, który przez długie godziny może działać na baterii 4000 mAh.""",360.98,444.00,1,9,smartfony-i-telefony,Procesor:Spreadtrum Unisoc T606:1:0;Pamięć:2 GB:2:0,http://localhost/import/Motorola_moto_e20_2_32GB_Graphite_Gray.jpg
Xiaomi Redmi Note 11 Pro 6/128GB Star Blue,"""Smartfon Xiaomi Redmi Note 11 Pro 128 GB Star Blue
Xiaomi Redmi Note 11 Pro 128 GB Star Blue to smartfon, który zawsze dotrzyma Ci kroku. Dzięki jego wydajnemu procesorowi i pojemnej baterii możesz liczyć na wiele godzin nieprzerwanej pracy urządzenia. Rób piękne i wyraźne zdjęcia z aparatem głównym lub przyjrzyj się szczegółom z obiektywem makro. Z dużym ekranem możesz oglądać na wyświetlaczu smartfona, co tylko chcesz.""",1153.66,1419.00,1,7,smartfony-i-telefony,Procesor:MediaTek Helio G96:1:0;Pamięć:6 GB:2:0,http://localhost/import/Xiaomi_Redmi_Note_11_Pro_6_128GB_Star_Blue.jpg
Xiaomi POCO M4 Pro 6/128GB Power Black,"""Smartfon Xiaomi POCO M4 Pro 6/128 GB Power Black
Oto Xiaomi POCO M4 Pro 6/128 GB Power Black. Elegancki, lekki, niezwykle smukły i wydajny smartfon. Ponieważ urządzenie ma duży ekran, możesz być pewien, że oglądanie na nim filmów to czysta przyjemność. Z doskonałym aparatem głównym Twoje wspomnienia nabiorą charakteru. Rób wyraźne i bogate w szczegóły zdjęcia. Z dużą baterią możesz bez problemów korzystać z telefonu przez cały dzień i nie obawiać się, że podczas kolejnego odcinka serialu smartfon się rozładuje.""",893.5,1099.00,1,10,smartfony-i-telefony,Procesor:MediaTek Helio G96:1:0;Pamięć:6 GB:2:0,http://localhost/import/Xiaomi_POCO_M4_Pro_6_128GB_Power_Black.jpg
Nokia XR20 Dual SIM 4/64GB niebieski 5G,"""Nokia XR20 niebieska
Popatrz na nową odsłonę od Nokii. To Nokia XR20 niebieska. Jej eleganckie kształty nie raz przykują Twoje spojrzenie. A wytrzymałe szkło Gorilla Glass Victus umieszczone na ekranie zatroszczy się o większe bezpieczeństwo. Co więcej, telefon jest także odporny na wstrząsy i upadki. Ma również certfikat IP68 oraz MIL-STD-810H. Dzięki temu jest przygotowany na każde warunki. Wolna chwila – włącz ulubiony serial i zatrać się przez długie godziny. Jego sceny będą perfekcyjne dzięki rozdzielczości Full HD+. Spójrz na tył obudowy. Umieszczono tam główny aparat. Cyknij fotkę i wstaw na social media. To czas, aby zdobyć trochę laików.""",1381.3,1699.00,1,6,smartfony-i-telefony,Procesor:Qualcomm Snapdragon 480 5G:1:0;Pamięć:4 GB:2:0,http://localhost/import/Nokia_XR20_Dual_SIM_4_64GB_niebieski_5G.jpg
Nothing Phone (1) 8/128GB czarny,"""Poznaj Nothing Phone (1) w 100 sekund
Obejrzyj poniższy materiał wideo i dowiedz się, jakie zalety posiada Nothing Phone (1). W jedyne 100 sekund zapoznaj się z produktem i odkryj jego najważniejsze cechy.""",1706.5,2099.00,1,2,smartfony-i-telefony,"Procesor:Qualcomm Snapdragon 778G+ 5G (1 rdzeń, 2.5 GHz, A78 + 3 rdzenie, 2.2 GHz, A78 + 4 rdzenie, 1.9 GHz,:1:0;Pamięć:8 GB:2:0",http://localhost/import/Nothing_Phone_(1)_8_128GB_czarny.jpg
Xiaomi Redmi Note 11 4/128GB Twilight Blue,"""Poznaj Xiaomi Redmi Note 11 w 100 sekund
Obejrzyj poniższy materiał wideo i dowiedz się, jakie zalety posiada Xiaomi Redmi Note 11. W jedyne 100 sekund zapoznaj się z produktem i odkryj jego najważniejsze cechy.""",730.89,899.00,1,4,smartfony-i-telefony,Procesor:Qualcomm Snapdragon 680:1:0;Pamięć:4 GB:2:0,http://localhost/import/Xiaomi_Redmi_Note_11_4_128GB_Twilight_Blue.jpg
Xiaomi Redmi 10C 4/128GB Ocean Blue,"""Xiaomi Redmi 10C 128 GB Ocean Blue
Wybierz uniwersalny smartfon, jakim jest Xiaomi Redmi 10C 128 GB niebieski. To urządzenie, z którym każdego dnia wykonasz wszystkie swoje obowiązki. Umili Ci też czas wolny, gdy przyjdzie pora na chwilę relaksu. Redmi 10C ma 6,7” wyświetlacz, który nadaje się na wieczorny seans z serialami lub do pogrania w gry. Smartfon ma 50 Mpix aparat, który robi dobre zdjęcia nawet przy słabym świetle. Nie musisz się też obawiać o zapas energii. Bateria 5000 mAh powinna poradzić sobie przez cały dzień.""",608.94,749.00,1,4,smartfony-i-telefony,Procesor:Qualcomm Snapdragon 680:1:0;Pamięć:4 GB:2:0,http://localhost/import/Xiaomi_Redmi_10C_4_128GB_Ocean_Blue.jpg
Motorola moto g42 4/128GB Atlantic Green,"""Smartfon Motorola moto g42 128 GB Atlantic Green
Dostęp do wysokiej jakości kinowej rozrywki możesz mieć zawsze przy sobie. Wystarczy, że zdecydujesz się na Motorole moto g42 128 GB Atlantic Green. Dzięki matrycy OLED o przekątnej 6,4” świetnie nadaje się do oglądania Twoich ulubionych seriali i nowych filmów w serwisach VOD. Smartfon ten oferuje również dźwięk w technologii Dolby Atmos®, co jeszcze bardziej udoskonala seans. Motorola moto g42 z baterią 5000 mAh pozwoli Ci robić długie maratony bez wymuszonych przerw na ładowanie.""",631.71,777.00,1,7,smartfony-i-telefony,Procesor:Qualcomm Snapdragon 680:1:0;Pamięć:4 GB:2:0,http://localhost/import/Motorola_moto_g42_4_128GB_Atlantic_Green.jpg
Nokia 2660 4G Czerwony + Stacja Ładująca,"""Telefon Nokia 2660 4G
Nokia 2660 4G to telefon z klapką, który dzięki dużym przyciskom jest naprawdę łatwy w obsłudze. Na dużym wyświetlaczu bez problemu zobaczysz wszystkie ikony, a pojemna bateria zadba o wiele dni pracy urządzenia na jednym ładowaniu. Wytrzymała obudowa zapewni Ci komfort użytkowania, a ponieważ telefon pracuje w zgodzie z aparatami słuchowymi, możesz być pewien, że Twój kontakt z rodziną nigdy nie będzie utrudniony.""",300.0,369.00,1,7,smartfony-i-telefony,"Procesor:1,77"" - ekran dodatkowy:1:0;Pamięć:Spreadtrum Unisoc T107:2:0",http://localhost/import/Nokia_2660_4G_Czerwony___Stacja_Ładująca.jpg
ASUS ZenFone 9 8/256GB White,"""Smartfon ASUS ZenFone 9 256 GB White
Poznaj ASUS ZenFone 9 256 GB White, czyli nowoczesny smartfon, który został dopracowany pod każdym kątem. Dzięki niezwykłej mocy procesora możesz być pewien, że urządzenie bez żadnych problemów uruchomi kilka aplikacji jednocześnie lub włączy wymagającą i bogatą w detale grę. Gamingowy wyświetlacz to Twoje okno na wirtualny świat, a pojemna bateria nie pozwoli na nudę podczas przemieszczania się komunikacją publiczną.""",3251.22,3999.00,1,12,smartfony-i-telefony,Procesor:Qualcomm Snapdragon 8+ gen 1 SM8475:1:0;Pamięć:8 GB:2:0,http://localhost/import/ASUS_ZenFone_9_8_256GB_White.jpg
Motorola moto g22 4/64 GB Arctic Blue,"""Smartfon Motorola Moto G22 64 GB Arctic Blue
Poznaj smartfon Motorola Moto G22 64 GB Arctic Blue, który ułatwi Ci codzienność. Dzięki niemu możesz szybko włączyć ulubione media społecznościowe czy zrobić dobrej jakości zdjęcia. Wydajny procesor ułatwi Ci wielozadaniową pracę, wiec bez obaw możesz robić to, na co masz ochotę. Do tego pojemna bateria, która przekłada się na wiele godzin korzystania z urządzenia na jednym ładowaniu.""",527.64,649.00,1,2,smartfony-i-telefony,Procesor:MediaTek Helio G37:1:0;Pamięć:4 GB:2:0,http://localhost/import/Motorola_moto_g22_4_64_GB_Arctic_Blue.jpg
Xiaomi 11T 8/128GB Celestial Blue,"""Smartfon Xiaomi 11T 128 GB Celestial Blue
Xiaomi 11T 128 GB Celestial Blue to świetny smartfon, który ma dla Ciebie wszystko, co najlepsze. Elegancki i profesjonalny design, duży przestronny ekran AMOLED ze 120 Hz odświeżaniem, szybki procesor i świetne aparaty. Jego starannie dobrane podzespoły dadzą Ci maksimum możliwości. Teraz zrealizujesz wszystkie swoje pasje, tak jak lubisz. A dzięki baterii o dużej pojemności możesz to robić przez cały dzień.""",1421.95,1749.00,1,6,smartfony-i-telefony,Procesor:MediaTek Dimensity 1200:1:0;Pamięć:8 GB:2:0,http://localhost/import/Xiaomi_11T_8_128GB_Celestial_Blue.jpg
ASUS ZenFone 9 8/128GB Blue,"""Smartfon ASUS ZenFone 9 128 GB Blue
Oto ASUS ZenFone 9 128 GB Blue, który zaskoczy Cię swoim szybkim wyświetlaczem oraz niepokonaną wydajnością. Niezwykła moc procesora to gwarancja bezproblemowego działania smartfona, niezależnie od zadań, jakie przed nim postawisz. Pojemna bateria przekłada się na wiele godzin świetnej zabawy, a ulepszony system chłodzenia zagwarantuje Ci chłód, nawet kiedy w grze jest naprawdę gorąco.""",3088.62,3799.00,1,11,smartfony-i-telefony,Procesor:Qualcomm Snapdragon 8+ gen 1 SM8475:1:0;Pamięć:8 GB:2:0,http://localhost/import/ASUS_ZenFone_9_8_128GB_Blue.jpg
Xiaomi POCO X4 Pro 5G 6/128GB Laser black,"""Xiaomi POCO X4 Pro 5G 128 GB Laser black
Cykaj świetne fotografie razem z Xiaomi POCO X4 Pro 5G 128 GB czarny. Ma on ulokowane na tyle obudowy trzy aparaty, a na przodzie kamerę do selfie. Zacznij tworzyć, potem wykonane zdjęcia wyświetl na dużym ekranie POCO X4 Pro. Ma on przekątną na poziomie 6,67 cala i odświeżanie 120 Hz. Dzięki temu każde treści będą czytelne, a efekt smużenia nie wystąpi. Płynne wykonywanie zadań – pewnie. Za to jest odpowiedzialny procesor Snapdragon 695. A całość zamknięto w eleganckiej konstrukcji, która swoim wzornictwem przykuje nie jedno spojrzenie.""",1218.7,1499.00,1,9,smartfony-i-telefony,Procesor:Qualcomm Snapdragon 695:1:0;Pamięć:6 GB:2:0,http://localhost/import/Xiaomi_POCO_X4_Pro_5G_6_128GB_Laser_black.jpg
Motorola moto g60 6/128GB Dynamic Gray 120Hz,"""Poznaj Motorola Moto G60 w 100 sekund
Obejrzyj poniższy materiał wideo i dowiedz się, jakie zalety posiada Motorola Moto G60. W jedyne 100 sekund zapoznaj się z produktem i odkryj jego najważniejsze cechy.""",893.5,1099.00,1,7,smartfony-i-telefony,Procesor:Qualcomm Snapdragon 732G:1:0;Pamięć:6 GB:2:0,http://localhost/import/Motorola_moto_g60_6_128GB_Dynamic_Gray_120Hz.jpg
realme 10 8+128 Clash White,"""Smartfon realme 10 128 GB Clash White
Zobacz, czym może Cię zaskoczyć realme 10 128 GB Clash White. Obudowa inspirowana kosmosem i dynamicznymi zjawiskami w nim zachodzącymi jest niezwykle ciekawym i ponadczasowym rozwiązaniem. Poza pięknym designem smartfon przykuwa uwagę również wydajnym procesorem i pojemną baterią. Na kinowym ekranie AMOLED każdy szczegół wygląda perfekcyjnie, a aparat główny to gwarancja ujrzenia każdego, nawet najmniejszego detalu w doskonałej jakości.""",974.8,1199.00,1,7,smartfony-i-telefony,Procesor:MediaTek Helio G99:1:0;Pamięć:8 GB:2:0,http://localhost/import/realme_10_8_128_Clash_White.jpg
Xiaomi POCO M4 Pro 8/256GB Yellow,"""Xiaomi POCO M4 Pro 8/256 GB Yellow
Spędzaj czas tak, jak lubisz i nie martw się o zapas energii Xiaomi POCO M4 Pro 8/256 GB żółty. O to zadba akumulator 5000 mAh z szybkim ładowaniem. Poczuj ten potencjał flagowca i to w rozsądnej cenie. Ten telefon zapewni Ci wszystko, czego będziesz potrzebować każdego dnia. Doskonały system aparatów z trzema obiektywami, wydajny procesor, dużo RAM-u oraz świetny wyświetlacz. Znajdź wolną chwilę i oddaj się rozrywce razem z POCO M4 Pro.""",1137.4,1399.00,1,9,smartfony-i-telefony,Procesor:MediaTek Helio G96:1:0;Pamięć:8 GB:2:0,http://localhost/import/Xiaomi_POCO_M4_Pro_8_256GB_Yellow.jpg
Motorola moto g82 5G 6/128GB Meteorite Grey,"""Motorola Moto G82 5G Meteorite Grey
Zobacz ponad miliard odcieni kolorów na świetnym ekranie Motorola Moto G82 5G Meteorite Grey. Dzięki matrycy OLED ze 120 Hz odświeżaniem i dodatkowym technologiom ten smartfon zapewnia niemal kinowe wrażenia. Jednak to nie koniec zalet Moto G82. System aparatów pozwoli Ci robić dobrej jakości zdjęcia o każdej porze. Długi czas pracy na baterii zapewnia ogniwo o pojemności 5000 mAh. Dodatkowo obsługuje ona szybkie ładownie, dzięki czemu znacznie sprawniej przywrócisz ją do 100%.""",1178.05,1449.00,1,4,smartfony-i-telefony,Procesor:Qualcomm Snapdragon 695:1:0;Pamięć:6 GB:2:0,http://localhost/import/Motorola_moto_g82_5G_6_128GB_Meteorite_Grey.jpg
Xiaomi Redmi Note 10 Pro 6/64GB Gradient Bronze 120Hz,"""Poznaj Xiaomi Redmi Note 10 Pro w 60 sekund
Chcesz poznać zalety, jakie posiada Xiaomi Redmi Note 10 Pro? Możesz to zrobić w zaledwie 60 sekund, oglądając poniższy materiał wideo.""",893.5,1099.00,1,10,smartfony-i-telefony,Procesor:Qualcomm Snapdragon 732G:1:0;Pamięć:6 GB:2:0,http://localhost/import/Xiaomi_Redmi_Note_10_Pro_6_64GB_Gradient_Bronze_120Hz.jpg
Samsung Galaxy S22 Ultra 12/256GB Black,"""Poznaj Samsung Galaxy S22 Ultra w 100 sekund
Obejrzyj poniższy materiał wideo i dowiedz się, jakie zalety posiada Samsung Galaxy S22 Ultra. W jedyne 100 sekund zapoznaj się z produktem i odkryj jego najważniejsze cechy.""",4795.93,5899.00,1,3,smartfony-i-telefony,Procesor:Samsung Exynos 2200:1:0;Pamięć:12 GB:2:0,http://localhost/import/Samsung_Galaxy_S22_Ultra_12_256GB_Black.jpg
Xiaomi Redmi Note 11S 6/64GB Pearl White,"""Smartfon Xiaomi Redmi Note 11S 64 GB Pearl White
Szukasz smartfona, który zaoferuje Ci świetny stosunek ceny do jakości? W takim razie musisz zainteresować się Xiaomi Redmi Note 11S 64 GB Pearl White. To wszechstronne i wydajne urządzenie, z którym każdy Twój dzień stanie się przyjemniejszy. Szybko wykonasz na nim wszystkie swoje obowiązki i zaoszczędzisz sporo czasu. Spożytkuj go na rozrywkę jak np. gry mobilne albo oglądanie filmików. Redmi Note 11S to smartfon, któremu możesz zaufać.""",771.54,949.00,1,9,smartfony-i-telefony,Procesor:MediaTek Helio G96:1:0;Pamięć:6 GB:2:0,http://localhost/import/Xiaomi_Redmi_Note_11S_6_64GB_Pearl_White.jpg
Sony Xperia 10 IV 6/128GB 5G Dual SIM Czarny,"""Smartfon Sony Xperia 10 IV
Dzięki wysokiej wydajności, niezwykle lekkiej konstrukcji, aparatowi z trzema obiektywami, oszałamiającemu wyświetlaczowi OLED o proporcjach 21:9 oraz wysokiej jakości dźwięku będziesz się zastanawiać, jak możliwe było życie bez Sony Xperia 10 IV. Wszystko, co robisz dzięki temu smartfonowi, daje maksimum zadowolenia przy minimalnym wysiłku. Ten wygodnie leżący w dłoni, kompaktowy model jest najlżejszym na świecie smartfonem 5G wyposażonym w baterię o pojemności 5000 mAh.""",1869.11,2299.00,1,12,smartfony-i-telefony,Procesor:Qualcomm Snapdragon 695:1:0;Pamięć:6 GB:2:0,http://localhost/import/Sony_Xperia_10_IV_6_128GB_5G_Dual_SIM_Czarny.jpg
Nokia 2660 4G Czarny + Stacja Ładująca,"""Telefon Nokia 2660 4G
Nokia 2660 4G to telefon z klapką, który dzięki dużym przyciskom jest naprawdę łatwy w obsłudze. Na dużym wyświetlaczu bez problemu zobaczysz wszystkie ikony, a pojemna bateria zadba o wiele dni pracy urządzenia na jednym ładowaniu. Wytrzymała obudowa zapewni Ci komfort użytkowania, a ponieważ telefon pracuje w zgodzie z aparatami słuchowymi, możesz być pewien, że Twój kontakt z rodziną nigdy nie będzie utrudniony.""",300.0,369.00,1,2,smartfony-i-telefony,"Procesor:1,77"" - ekran dodatkowy:1:0;Pamięć:Spreadtrum Unisoc T107:2:0",http://localhost/import/Nokia_2660_4G_Czarny___Stacja_Ładująca.jpg
Xiaomi Redmi Note 11S 6/128GB Pearl White,"""Xiaomi Redmi Note 11S 128 GB Pearl White
Ten elegancki wygląd Xiaomi Redmi Note 11S 128 GB biały nie raz sprawi, że zawiesisz na nim dłuższe spojrzenie. W tej konstrukcji jest wiele doskonałych rozwiązań. Na przykład ekran o wielkości 6,43 cala, który ma matrycę AMOLED. Dzięki temu każde oglądane treści będą świetnej jakości. A kolory Cię oczarują. Nie zapomniano także o dobrych aparatach. Jest on z przodu, jak i z tyłu. Wybierz odpowiedni i zacznij cykać świetne ujęcia. O jakość się nie martw o nią zadba Redmi Note 11S.""",1788.11,2199.37,0,0,smartfony-i-telefony,Procesor:MediaTek Helio G96:1:0;Pamięć:6 GB:2:0,http://localhost/import/Xiaomi_Redmi_Note_11S_6_128GB_Pearl_White.jpg
Xiaomi Redmi 10C 4/64GB Ocean Blue,"""Xiaomi Redmi 10C 64 GB Ocean Blue
Xiaomi Redmi 10C 64 GB niebieski to wszechstronny smartfon. Możesz go używać, do czego tylko chcesz. Sprawdzi się na każdej platformie. Codzienne obowiązki, surfowanie w sieci, oglądanie filmów, granie, czy robienie dobrej jakości zdjęć – Redmi 10C ze wszystkim sobie poradzi. Ekran 6,7” to duży obszar roboczy do wygodnej pracy, a aparat 50 Mpix sprawdzi się w każdych warunkach oświetlenia. Smartfon ma też dużą baterię 5000 mAh z szybkim ładowaniem.""",568.29,699.00,1,3,smartfony-i-telefony,Procesor:Qualcomm Snapdragon 680:1:0;Pamięć:4 GB:2:0,http://localhost/import/Xiaomi_Redmi_10C_4_64GB_Ocean_Blue.jpg
Samsung Galaxy S21 FE 5G Fan Edition Violet,"""Smartfon Samsung Galaxy S21 FE
Poznaj Samsung Galaxy S21 FE, czyli smartfon stworzony dla wymagających użytkowników. Ciesz się niespotykaną szybkością działania, sprawnie poruszaj się między aplikacjami i pamiętaj, że pojemna bateria zagwarantuje Ci wiele godzin świetnej zabawy. Rób ciekawe zdjęcia w wysokiej rozdzielczości i dziel się nimi za pośrednictwem mediów społecznościowych.""",2438.21,2999.00,1,5,smartfony-i-telefony,Procesor:Qualcomm Snapdragon 888:1:0;Pamięć:6 GB:2:0,http://localhost/import/Samsung_Galaxy_S21_FE_5G_Fan_Edition_Violet.jpg
Motorola moto e40 4/64GB Carbon Gray 90Hz,"""Motorola Moto E40 Carbon Gray
Nowoczesny wygląd i stylowe wykończenie to oferuje nowa Motorola Moto E40 szary. Spójrz na nią, wygląda naprawdę dobrze. Pośród jej obudowy ulokowano ekran. Jest on o wielkości 6,5 cala, pod nim chowa się matryca z technologią IPS. Każde wyświetlane sceny będą z mnóstwem kolorów. Możesz również porobić kilka zdjęć. Motorola dodała trzy matryce. Ta główna ma 48 Mpix. Cykaj świetne fotki. Potem zapisz je w dużej pamięci masowej. A nad całością będzie czuwać ośmiordzeniowy procesor z baterią o pojemności 5000 mAh.""",527.64,649.00,1,6,smartfony-i-telefony,Procesor:Spreadtrum Unisoc T700:1:0;Pamięć:4 GB:2:0,http://localhost/import/Motorola_moto_e40_4_64GB_Carbon_Gray_90Hz.jpg
Xiaomi Redmi Note 10 Pro 6/64GB Glacier Blue 120Hz,"""Xiaomi Redmi Note 10 Pro 6/64 GB Glacier Blue
Pośród obudowy Xiaomi Redmi Note 10 Pro 6/64 GB niebieski zainstalowano ekran. Ma on wielkość 6,67 cala. Pod nim ulokowano matrycę AMOLED. Dzięki temu każde treści będą pełne kolorów oraz bardzo wyraźne. Możesz także wykonać kilka zdjęć. Za pomocą tylnej kamery ma ona główny obiektyw o rozdzielczości 108 Mpix. Cyknij zdjęcie, a zobaczysz, że wyjdzie wspaniale, Potem możesz wrzucić na social media, aby zdobyć trochę laików. Całość natomiast zamknięto w eleganckiej obudowie w kolorze niebieskim.""",893.5,1099.00,1,7,smartfony-i-telefony,Procesor:Qualcomm Snapdragon 732G:1:0;Pamięć:6 GB:2:0,http://localhost/import/Xiaomi_Redmi_Note_10_Pro_6_64GB_Glacier_Blue_120Hz.jpg
Nothing Phone (1) 8/256GB biały,"""Poznaj Nothing Phone (1) w 100 sekund
Obejrzyj poniższy materiał wideo i dowiedz się, jakie zalety posiada Nothing Phone (1). W jedyne 100 sekund zapoznaj się z produktem i odkryj jego najważniejsze cechy.""",1747.15,2149.00,1,4,smartfony-i-telefony,"Procesor:Qualcomm Snapdragon 778G+ 5G (1 rdzeń, 2.5 GHz, A78 + 3 rdzenie, 2.2 GHz, A78 + 4 rdzenie, 1.9 GHz,:1:0;Pamięć:8 GB:2:0",http://localhost/import/Nothing_Phone_(1)_8_256GB_biały.jpg
Samsung Galaxy S22+ 8/128GB Black,"""Poznaj smartfon Samsung Galaxy S22+ w 100 sekund
Obejrzyj materiał wideo i dowiedz się, jakie zalety ma Samsung Galaxy S22+. W jedyne 100 sekund zapoznaj się z produktem i odkryj jego najważniejsze cechy.""",3739.02,4599.00,1,5,smartfony-i-telefony,Procesor:Samsung Exynos 2200:1:0;Pamięć:8 GB:2:0,http://localhost/import/Samsung_Galaxy_S22__8_128GB_Black.jpg
Motorola moto g52 4/128GB Charcoal Grey,"""Motorola Moto G52 Charcoal Grey
Podzespoły umieszczone w Motorola Moto G52 szary usprawnią Twój każdy dzień. Ma ona procesor Snapdragon 680 oraz dużą baterię. To pozwoli na płynną obsługę różnych zadań. Oglądaj filmy z przyjemnością. Dzięki głośnikom stereo i dużemu ekranowi. Ma on 6,6 cala i posiada matrycę OLED. Piękne sceny i dźwięk już zawsze będą Ci towarzyszyć podczas każdego seansu. A całość zamknięto w eleganckiej konstrukcji w kolorze szarym. Tak się prezentuje nowa Motorola Moto G52.""",771.54,949.00,1,3,smartfony-i-telefony,Procesor:Qualcomm Snapdragon 680:1:0;Pamięć:4 GB:2:0,http://localhost/import/Motorola_moto_g52_4_128GB_Charcoal_Grey.jpg
Samsung Galaxy S20 FE 5G Fan Edition Czerwony,"""Możesz kupić maksymalnie dwie sztuki smartfona Samsung Galaxy S20 FE Fan Edition – niezależnie od wersji i koloru. Wszystkie zamówienia na więcej sztuk będziemy automatycznie edytować.
Dostępność produktu jest uzależniona od dostaw producenta. Zamówienia będą realizowane chronologicznie.""",1625.2,1999.00,1,6,smartfony-i-telefony,Procesor:Qualcomm Snapdragon 865:1:0;Pamięć:6 GB:2:0,http://localhost/import/Samsung_Galaxy_S20_FE_5G_Fan_Edition_Czerwony.jpg
ASUS ZenFone 9 16/256GB Black,"""Smartfon ASUS ZenFone 9 16/256 GB Black
Niesamowity ASUS ZenFone 9 16/256 GB Black to smartfon, który stawia poprzeczkę naprawdę wysoko. Jego profesjonalny aparat powstał z myślą o tworzeniu prawdziwych dzieł sztuki. Wydajny procesor nigdy nie pozwoli Ci się nudzić. Czytnik linii papilarnych to bezpieczny i szybki sposób na logowanie się, aby jeszcze łatwiej sięgać po ulubione treści. Baw się, jak długo chcesz, z pojemną baterią oraz dużym i jasnym ekranem.""",3495.12,4299.00,1,7,smartfony-i-telefony,Procesor:Qualcomm Snapdragon 8+ gen 1 SM8475:1:0;Pamięć:16 GB:2:0,http://localhost/import/ASUS_ZenFone_9_16_256GB_Black.jpg
Xiaomi Redmi 9C NFC 3/64GB Aurora Green,"""Smartfon Xiaomi Redmi 9C NFC 64 GB Aurora Green
Xiaomi Redmi 9C NFC 64 GB Aurora Green to smartfon, który sprosta Twoim oczekiwaniom. Ma duży, kinowy ekran i pojemną baterię. Takie połączenie pozwoli Ci oglądać ulubione seriale jeszcze dłużej i wygodniej. Procesor MediaTek Helio G35 zadba o płynność działania urządzenia, a z podwójnym aparatem zapiszesz wspomnienia w dobrej jakości. Otwórz się na zupełnie nowe doznania z Redmi 9C NFC.""",1788.11,2199.37,0,0,smartfony-i-telefony,Procesor:MediaTek Helio G35:1:0;Pamięć:3 GB:2:0,http://localhost/import/Xiaomi_Redmi_9C_NFC_3_64GB_Aurora_Green.jpg
OnePlus Nord 2T 5G 8/128GB Gray Shadow EU,"""Smartfon OnePlus Nord 2T 5G 128 GB Gray Shadow
Oto OnePlus Nord 2T 5G 128 GB Gray Shadow, czyli smartfon, który ma wszystko, czego potrzebujesz. Dzięki niemu łatwo i w bezpieczny sposób odblokujesz urządzenie, wykonasz dobrej jakości zdjęcie czy zagrasz w mobilną grę podczas podróży pociągiem. Łączność 5G zapewni Ci szybki przepływ danych, a pojemny akumulator sprawdzi się doskonale, jeśli często podróżujesz i potrzebujesz urządzenia, które nie zawodzi.""",1625.2,1999.00,1,5,smartfony-i-telefony,Procesor:MediaTek Dimensity 1300:1:0;Pamięć:8 GB:2:0,http://localhost/import/OnePlus_Nord_2T_5G_8_128GB_Gray_Shadow_EU.jpg
Xiaomi Redmi Note 11 Pro 6/64GB Polar White,"""Smartfon Xiaomi Redmi Note 11 Pro 64 GB Polar White
Elegancki, smukły i wydajny. Taki właśnie jest Xiaomi Redmi Note 11 Pro 64 GB Polar White, który sprosta Twoim oczekiwaniom. Dzięki niemu szybko zrobisz dobrej jakości zdjęcie, które na długo zapisze się w Twoich wspomnieniach. Smartfon ma pojemną baterię, która wytrzyma wiele godzin bez konieczności ładowania. Natomiast duży ekran doskonale sprawdzi się podczas seansów filmowych lub jeśli chcesz przejrzeć ostatnio otrzymane maile.""",1056.1,1299.00,1,8,smartfony-i-telefony,Procesor:MediaTek Helio G96:1:0;Pamięć:6 GB:2:0,http://localhost/import/Xiaomi_Redmi_Note_11_Pro_6_64GB_Polar_White.jpg
Motorola moto g42 4/128GB Metallic Rosé,"""Smartfon Motorola moto g42 128 GB Metallic Rosé
Motorola moto g42 128 GB Metallic Rosé to smartfon, który odpowiada na każde Twoje potrzeby. Wydajny procesor usprawni każde działania i sprawi, że jeszcze szybciej przełączysz się między aplikacjami. Zapisz niezapomniane chwile w najlepszej jakości i oglądaj filmy i seriale w trasie jeszcze dłużej dzięki pojemnej baterii. Kinowy ekran to gwarancja pięknych, żywych i głębokich kolorów. Otwórz się na nowe doznania z moto g42.""",631.71,777.00,1,11,smartfony-i-telefony,Procesor:Qualcomm Snapdragon 680:1:0;Pamięć:4 GB:2:0,http://localhost/import/Motorola_moto_g42_4_128GB_Metallic_Rosé.jpg
OnePlus Nord 2T 5G 12/256GB Gray Shadow,"""Smartfon OnePlus Nord 2T 5G 256 GB Gray Shadow
OnePlus Nord 2T 5G 256 GB Gray Shadow to świetne urządzenie dla wymagających użytkowników. Smartfon jest lekki, elegancki i wydajny. Dzięki niemu szybko przełączysz się między kolejnymi aplikacjami, włączysz ulubioną grę czy serial. Możesz tworzyć piękne i wyraźne zdjęcia, a po dniu pełnym wrażeń błyskawicznie przywrócić mu 100% akumulatora. Do tego duży wyświetlacz, z którym oglądanie kinowych hitów stanie się czystą przyjemnością.""",2031.71,2499.00,1,4,smartfony-i-telefony,Procesor:MediaTek Dimensity 1300:1:0;Pamięć:12 GB:2:0,http://localhost/import/OnePlus_Nord_2T_5G_12_256GB_Gray_Shadow.jpg
Xiaomi Redmi 9A 2/32GB Green,"""Xiaomi Redmi 9A Green
Przypatrz się dobrze, bo Xiaomi Redmi 9A zielony na to zasługuje. To za sprawą eleganckiej minimalistycznej obudowy, która nieraz przyciągnie spojrzenia z Twojego otoczenia. Zrób sobie chwilę przerwy i oddaj się rozrywce. Oglądaj swoje ulubione treści na dużym ekranie 6,53” ze świetnym odwzorowaniem kolorów uzyskasz to dzięki matrycy IPS. Ponadto smartfon także jest przyjazny dla oczu, dzięki niskiej emisji niebieskiego światła. Obróć Redmi 9A, a zauważysz z tyłu główny aparat 13 Mpix. Już możesz wykonywać zdjęcia przy każdej okazji.""",389.43,479.00,1,10,smartfony-i-telefony,Procesor:MediaTek Helio G25:1:0;Pamięć:2 GB:2:0,http://localhost/import/Xiaomi_Redmi_9A_2_32GB_Green.jpg
Xiaomi 12T 8/128GB Blue,"""W 100 sekund dookoła Xiaomi 12T
Chcesz lepiej poznać smartfon Xiaomi 12T? Oglądając poniższy materiał wideo, w zaledwie 100 sekund poznasz wszystkie cechy tego produktu.""",2072.36,2549.00,1,2,smartfony-i-telefony,Procesor:MediaTek Dimensity 8100:1:0;Pamięć:8 GB:2:0,http://localhost/import/Xiaomi_12T_8_128GB_Blue.jpg
OnePlus 9 Pro 5G 12/256GB Pine Green 120Hz,"""OnePlus 9 Pro w 60 sekund
Obejrzyj poniższy materiał wideo i zobacz jakie cechy posiada OnePlus 9 Pro. Poznaj jego zalety w krótkiej i zwięzłej formie.""",2844.72,3499.00,1,5,smartfony-i-telefony,Procesor:Qualcomm Snapdragon 888:1:0;Pamięć:12 GB:2:0,http://localhost/import/OnePlus_9_Pro_5G_12_256GB_Pine_Green_120Hz.jpg
Motorola moto g22 4/64 GB Cosmic Black,"""Smartfon Motorola Moto G22 64 GB Cosmic Black
Oto Motorola Moto G22 64 GB Cosmic Black, która powstała, aby ułatwić Ci codzienne funkcjonowanie w świecie online. Dzięki niej możesz szybko i bez opóźnień sprawdzić najnowsze wiadomości, zrobić dobrej jakości zdjęcie, a po dniu pełnym wrażeń zrelaksować się przy grze mobilnej. Taki smartfon to idealny kompan podczas długich podróży pociągiem, ponieważ jego bateria wytrzyma wiele godzin bez ładowania.""",527.64,649.00,1,4,smartfony-i-telefony,Procesor:MediaTek Helio G37:1:0;Pamięć:4 GB:2:0,http://localhost/import/Motorola_moto_g22_4_64_GB_Cosmic_Black.jpg
myPhone Up Smart LTE,"""myPhone Up Smart LTE
Elegancki i nowoczesny telefon komórkowy z ekranem 3,2”, oferujący funkcje smartfonu, w tym aplikacje mobilne takie jak WhatsApp, Google Maps i Facebook, dzięki systemowi KaiOS. Obsługuje LTE oraz GPS i jest wyposażony w aparat 5 Mpx oraz potężny akumulator 1200 mAh. Zachwyca stylistyką i zapewnia wygodę oferując wszystko, czego potrzeba.""",161.79,199.00,1,2,smartfony-i-telefony,Procesor:MediaTek MT6731:1:0;Pamięć:4 GB:2:0,http://localhost/import/myPhone_Up_Smart_LTE.jpg
Xiaomi 12 8/128GB Grey,"""Smartfon Xiaomi 12 128 GB Grey
Xiaomi 12 128 GB Grey to smartfon, który zaskoczy Cię swoją niespotykaną wydajnością. Możesz godzinami robić to, na co masz ochotę. Wszystko dzięki pojemnej baterii. Jesteś fanem fotografii? Nie mogłeś trafić lepiej. Xiaomi 12 tak, jak Ty lubi, kiedy zdjęcia są dobrej jakości. Usiądź wygodnie i rozkoszuj się pięknym, jasnym i dużym ekranem, na którym zobaczysz ulubione treści w doskonałej jakości.""",2275.61,2799.00,1,8,smartfony-i-telefony,"Procesor:Qualcomm Snapdragon 8 gen 1 (1x 3.0 GHz, Cortex X2 + 3x 2.5 GHz, Cortex A71 + 4x 1.8 GHz, Cortex A51:1:0;Pamięć:8 GB:2:0",http://localhost/import/Xiaomi_12_8_128GB_Grey.jpg
Samsung Galaxy S22+ 8/256GB Black,"""Poznaj smartfon Samsung Galaxy S22+ w 100 sekund
Obejrzyj materiał wideo i dowiedz się, jakie zalety ma Samsung Galaxy S22+. W jedyne 100 sekund zapoznaj się z produktem i odkryj jego najważniejsze cechy.""",3901.63,4799.00,1,8,smartfony-i-telefony,Procesor:Samsung Exynos 2200:1:0;Pamięć:8 GB:2:0,http://localhost/import/Samsung_Galaxy_S22__8_256GB_Black.jpg
Nokia G60 Dual SIM 6/128GB czarny 5G,"""Smartfon Nokia G60
Smartfon Nokia G60 5G został wykonany z myślą o dłuższej żywotności, w 60% z plastiku pochodzącego z recyklingu. Oferuje najwyższą wydajność, funkcje fotograficzne oparte na sztucznej inteligencji, a także charakterystyczną trwałość Nokii. Ponadto wyświetlacz FHD+ o przekątnej 6,58 cala i częstotliwości odświeżania 120 Hz zapewnia superpłynne działanie smartfona na co dzień w poręcznym rozmiarze.""",1300.0,1599.00,1,3,smartfony-i-telefony,Procesor:Qualcomm Snapdragon 695:1:0;Pamięć:6 GB:2:0,http://localhost/import/Nokia_G60_Dual_SIM_6_128GB_czarny_5G.jpg
Xiaomi Redmi 10C 4/64GB Mint Green,"""Smartfon Xiaomi Redmi 10C 64 GB Mint Green
Xiaomi Redmi 10C 64 GB Mint Green to smartfon, który wspomoże Cię podczas wykonywania codziennych obowiązków. Dzięki niemu szybko odpiszesz na ważnego maila, wyświetlisz prezentację czy obejrzysz serial po dniu pełnym wrażeń. Do tego aparat główny, który uwieczni ważne dla Ciebie chwile w najlepszej jakości. Odblokuj szybko smartfon przy pomocy czytnika linii papilarnych i sprawdź, co jeszcze może Ci zaoferować.""",568.29,699.00,1,8,smartfony-i-telefony,Procesor:Qualcomm Snapdragon 680:1:0;Pamięć:4 GB:2:0,http://localhost/import/Xiaomi_Redmi_10C_4_64GB_Mint_Green.jpg
OPPO Reno6 5G 8/128GB czarny 90Hz,"""Smartfon OPPO Reno6 5G czarny
Poznaj smartfon, który został zaprojektowany tak, aby zachwycać. Oto OPPO Reno6 5G czarny. Smukła i lekka konstrukcja wypełniona została komponentami, które pozwolą Ci w pełni realizować swoje potrzeby. Szybki procesor, dużo pamięci RAM i lekka nakładka ColorOS, to klucz do sukcesu. Spójrz na przestronny ekran AMOLED z obsługą HDR i 90 Hz odświeżaniem i daj się oczarować jakością wyświetlanego obrazu. Z systemem aparatów wspieranym przez liczne technologie będziesz mógł poczuć się jak profesjonalny fotograf.""",1543.9,1899.00,1,11,smartfony-i-telefony,Procesor:MediaTek Dimensity 900:1:0;Pamięć:8 GB:2:0,http://localhost/import/OPPO_Reno6_5G_8_128GB_czarny_90Hz.jpg
Xiaomi 12 8/128GB Blue,"""Smartfon Xiaomi 12 8/128 GB Blue
Odkryj całkowicie nowe możliwości smartfonu. Z Xiaomi 12 8/128 GB Blue wszystko jest możliwe. Niezwykła wydajność przeniesie Cię na wyższy poziom mobilnych rozgrywek, a pojemna bateria nie pozwoli na przedwczesne zakończenie rozgrywki internetowej. Skup się na tym, co ważne i dostrzeż szczegóły na każdym zdjęciu wykonanym aparatem głównym. Z dużym i jasnym ekranem oglądania filmów to czysta przyjemność.""",2275.61,2799.00,1,7,smartfony-i-telefony,"Procesor:Qualcomm Snapdragon 8 gen 1 (1x 3.0 GHz, Cortex X2 + 3x 2.5 GHz, Cortex A71 + 4x 1.8 GHz, Cortex A51:1:0;Pamięć:8 GB:2:0",http://localhost/import/Xiaomi_12_8_128GB_Blue.jpg
Xiaomi 12 8/256GB Purple,"""Smartfon Xiaomi 12 12/256 GB Purple
Xiaomi 12 12/256 GB Purple ma zgrabną konstrukcję, która skrywa w sobie możliwości flagowców. A dzięki swym smukłym kształtom świetnie leży w dłoni. Od teraz Twoim oknem na świat będzie 6,28” wyświetlacz AMOLED. Możesz korzystać z niego przez wiele godzin bez przerwy. Wytrzymała bateria 4500 mAh o ulepszonej konstrukcji i zwiększonej gęstości da sobie z tym rade. Szybko uzupełnisz ją do pełna, korzystając z 67 W ładowania przewodowego lub indukcyjnego 50 W.""",2600.81,3199.00,1,11,smartfony-i-telefony,"Procesor:Qualcomm Snapdragon 8 gen 1 (1x 3.0 GHz, Cortex X2 + 3x 2.5 GHz, Cortex A71 + 4x 1.8 GHz, Cortex A51:1:0;Pamięć:8 GB:2:0",http://localhost/import/Xiaomi_12_8_256GB_Purple.jpg
Samsung Galaxy S20 FE 5G Fan Edition Zielony,"""Możesz kupić maksymalnie dwie sztuki smartfona Samsung Galaxy S20 FE Fan Edition – niezależnie od wersji i koloru. Wszystkie zamówienia na więcej sztuk będziemy automatycznie edytować.
Dostępność produktu jest uzależniona od dostaw producenta. Zamówienia będą realizowane chronologicznie.""",1625.2,1999.00,1,5,smartfony-i-telefony,Procesor:Qualcomm Snapdragon 865:1:0;Pamięć:6 GB:2:0,http://localhost/import/Samsung_Galaxy_S20_FE_5G_Fan_Edition_Zielony.jpg
Cat B40 dual sim czarny,"""Telefon CAT B40
W pracy nie ma czasu na bałagan. Dobrze jest mieć świadomość, że B40 nigdy Cię nie zawiedzie. Telefon celowo nie został wyposażony w złożone funkcje. Zapewnia za to prowadzenie rozmów i wysyłanie SMS w najtrudniejszych warunkach, realizacje zadań i spełnienie podstawowych codziennych celów. Zawsze i wszędzie.""",365.04,449.00,1,11,smartfony-i-telefony,Procesor:Spreadtrum Unisoc T117:1:0;Pamięć:64 MB:2:0,http://localhost/import/Cat_B40_dual_sim_czarny.jpg
Samsung Galaxy Z Flip4 5G 8/256GB złoty,"""W 100 sekund dookoła Samsung Galaxy Z Flip4
Chcesz lepiej poznać Samsung Galaxy Z Flip4? Oglądając poniższy materiał wideo, w zaledwie 100 sekund poznasz wszystkie cechy tego produktu.""",4145.53,5099.00,1,9,smartfony-i-telefony,"Procesor:1,9"" - ekran dodatkowy:1:0;Pamięć:Qualcomm Snapdragon 8+ gen 1 SM8475:2:0",http://localhost/import/Samsung_Galaxy_Z_Flip4_5G_8_256GB_złoty.jpg
Xiaomi Redmi A1 2/32GB Black,"""Smartfon Xiaomi Redmi A1
Jeżeli nie masz wygórowanych wymagań co do możliwości smartfona, Xiaomi Redmi A1 będzie w sam raz dla Ciebie. Mimo swojej niewysokiej ceny Redmi A1 może pochwalić się całkiem niezłymi podzespołami: wydajnym procesorem, dużym ekranem 6,52”, podwójnym aparatem i baterią 5000 mAh. Wszystko umieszczone w smukłej, lekkiej i stylowej obudowie ze skórzanym wykończeniem.""",365.04,449.00,1,12,smartfony-i-telefony,Procesor:MediaTek MTK6762M Helio A22:1:0;Pamięć:2 GB:2:0,http://localhost/import/Xiaomi_Redmi_A1_2_32GB_Black.jpg
Samsung Galaxy M13 4/64GB Blue,"""W 100 sekund dookoła Samsung Galaxy M13
Chcesz lepiej poznać Samsung Galaxy M13? Oglądając poniższy materiał wideo, w zaledwie 100 sekund poznasz wszystkie cechy tego produktu.""",608.94,749.00,1,11,smartfony-i-telefony,Procesor:Samsung Exynos 850:1:0;Pamięć:4 GB:2:0,http://localhost/import/Samsung_Galaxy_M13_4_64GB_Blue.jpg
Xiaomi POCO M5 4/128GB Green,"""Smartfon Xiaomi POCO M5 128 GB Green
Xiaomi POCO M5 128 GB Green to bardzo atrakcyjny smartfon. W swojej kategorii cenowej konkurentów zostawia w tyle. Znajdziesz tu mocny i wydajny procesor, wysokiej klasy aparaty, ekran z dużym odświeżaniem i pojemną baterię. Miłym dodatkiem jest bardzo ciekawy design obudowy oraz mocno zaakcentowana wyspa aparatów. POCO M5 to smartfon dobry do użytku codziennego, jak i dla tych, którzy uwielbiają gry mobilne.""",649.59,799.00,1,6,smartfony-i-telefony,Procesor:MediaTek Helio G99:1:0;Pamięć:4 GB:2:0,http://localhost/import/Xiaomi_POCO_M5_4_128GB_Green.jpg
OnePlus 9 Pro 5G 12/256GB Stellar Black 120Hz,"""OnePlus 9 Pro w 60 sekund
Obejrzyj poniższy materiał wideo i zobacz jakie cechy posiada OnePlus 9 Pro. Poznaj jego zalety w krótkiej i zwięzłej formie.""",2844.72,3499.00,1,5,smartfony-i-telefony,Procesor:Qualcomm Snapdragon 888:1:0;Pamięć:12 GB:2:0,http://localhost/import/OnePlus_9_Pro_5G_12_256GB_Stellar_Black_120Hz.jpg
uleFone Power Armor 13 8/256GB Dual SIM LTE czarny,"""Smartfon uleFone Power Armor 13 czarny
Przed Tobą uleFone Power Armor 13 czarny, czyli smartfon z ogromną baterią, która pozwoli Ci na wiele godzin pracy i rozrywki. Odporność urządzenia na wodę, pył i upadki daje Ci niespotykany komfort korzystania z telefonu w najtrudniejszych warunkach. Wiele przydatnych narzędzi i funkcji ułatwi Ci codzienną pracę, a wydajny procesor nie pozwoli na żadne opóźnienia w działaniu.""",1543.9,1899.00,1,4,smartfony-i-telefony,Procesor:MediaTek Helio G95:1:0;Pamięć:8 GB:2:0,http://localhost/import/uleFone_Power_Armor_13_8_256GB_Dual_SIM_LTE_czarny.jpg
realme narzo 50A Prime 4/64 Flash Black,"""Smartfon realme narzo 50A Prime 64 GB Flash Black
Postaw na urządzenie, które jest lekkie, eleganckie i wydajne. Dzięki realme narzo 50A Prime 64 GB Flash Black możesz mieć to wszystko. Pojemna bateria to wiele godzin zabawy, a wydajny procesor to granie bez opóźnień. Potrójny aparat to potrójne możliwości tworzenia fotografii, które wzbudzą zainteresowanie w mediach społecznościowych. Pracuj, oglądaj filmy lub baw się podczas rozgrywek online na smartfonie od realme.""",608.94,749.00,1,6,smartfony-i-telefony,Procesor:Spreadtrum Unisoc T612:1:0;Pamięć:4 GB:2:0,http://localhost/import/realme_narzo_50A_Prime_4_64_Flash_Black.jpg
Motorola moto e20 2/32GB Coastal Blue,"""Motorola Moto E20 Coastal Blue
Nowoczesna bryła nowego smartfona od Motoroli nie raz sprawi, że zawiesisz na niej dłuższe spojrzenie. Na przodzie E20 ulokowano ekran o wielkości 6,5 cala. Odtwarzaj różne treści i ciesz się z dobrej jakości. Natomiast tył telefonu oferuje główny aparat. Ma on dwa obiektywy, dzięki którym wykonasz nie jedno świetne ujęcie. Co więcej, Moto E20 ma również akumulator o pojemności 4000 mAh. Za jego pomocą możesz się kontaktować z bliskimi przez cały dzień.""",360.98,444.00,1,7,smartfony-i-telefony,Procesor:Spreadtrum Unisoc T606:1:0;Pamięć:2 GB:2:0,http://localhost/import/Motorola_moto_e20_2_32GB_Coastal_Blue.jpg
Samsung Galaxy S20 FE 5G Fan Edition 8/256GB Lawendowy,"""Możesz kupić maksymalnie dwie sztuki smartfona Samsung Galaxy S20 FE Fan Edition – niezależnie od wersji i koloru. Wszystkie zamówienia na więcej sztuk będziemy automatycznie edytować.
Dostępność produktu jest uzależniona od dostaw producenta. Zamówienia będą realizowane chronologicznie.""",1787.8,2199.00,1,2,smartfony-i-telefony,Procesor:Qualcomm Snapdragon 865:1:0;Pamięć:8 GB:2:0,http://localhost/import/Samsung_Galaxy_S20_FE_5G_Fan_Edition_8_256GB_Lawendowy.jpg
Huawei Nova 9 SE 8/128 GB czarny,"""Huawei Nova 9 SE w 100 sekund
Obejrzyj poniższy materiał wideo i zobacz jakie cechy posiada Huawei Nova 9 SE. Poznaj jej zalety w krótkiej i zwięzłej formie.""",1788.11,2199.37,0,0,smartfony-i-telefony,Procesor:Qualcomm Snapdragon 680:1:0;Pamięć:8 GB:2:0,http://localhost/import/Huawei_Nova_9_SE_8_128_GB_czarny.jpg
Samsung Galaxy M23 5G 4/128GB Pink 120Hz,"""Poznaj Samsung Galaxy M23 5G w 100 sekund
Obejrzyj poniższy materiał wideo i dowiedz się, jakie zalety posiada Samsung Galaxy M23 5G. W jedyne 100 sekund zapoznaj się z produktem i odkryj jego najważniejsze cechy.""",812.2,999.00,1,3,smartfony-i-telefony,Procesor:Qualcomm Snapdragon 750G:1:0;Pamięć:4 GB:2:0,http://localhost/import/Samsung_Galaxy_M23_5G_4_128GB_Pink_120Hz.jpg
Sony Xperia 10 IV 6/128GB 5G Dual SIM Zielony,"""Smartfon Sony Xperia 10 IV
Dzięki wysokiej wydajności, niezwykle lekkiej konstrukcji, aparatowi z trzema obiektywami, oszałamiającemu wyświetlaczowi OLED o proporcjach 21:9 oraz wysokiej jakości dźwięku będziesz się zastanawiać, jak możliwe było życie bez Sony Xperia 10 IV. Wszystko, co robisz dzięki temu smartfonowi, daje maksimum zadowolenia przy minimalnym wysiłku. Ten wygodnie leżący w dłoni, kompaktowy model jest najlżejszym na świecie smartfonem 5G wyposażonym w baterię o pojemności 5000 mAh.""",1869.11,2299.00,1,8,smartfony-i-telefony,Procesor:Qualcomm Snapdragon 695:1:0;Pamięć:6 GB:2:0,http://localhost/import/Sony_Xperia_10_IV_6_128GB_5G_Dual_SIM_Zielony.jpg
Xiaomi 11 Lite 5G NE 6/128GB Snowflake White,"""Xiaomi 11 Lite 5G NE 6/128 GB Snowflake White
Zacznij robić ciekawe fotki Xiaomi 11 Lite 5G NE 6/128 GB biały. W tym Cię wspomoże tylny aparat z trzema obiektywami. Ten główny ma 64 Mpix i zapewni ujęcia ostre jak brzytwa. Potem je wyświetlaj na ekranie o wielkości 6,55 cala. Pod nim umieszczono matrycę AMOLED z odświeżaniem na poziomie 90 Hz. To zagwarantuje piękne kolory oraz obraz bez efektu smużenia. Płynna praca, oczywiście. Korzystaj, a resztą zajmie się procesor Snapdragon 778G.. Co więcej, całość zamknięto w ultrasmukłej oraz ultralekkiej konstrukcji.""",1218.7,1499.00,1,2,smartfony-i-telefony,Procesor:Qualcomm Snapdragon 778G:1:0;Pamięć:6 GB:2:0,http://localhost/import/Xiaomi_11_Lite_5G_NE_6_128GB_Snowflake_White.jpg
Samsung Galaxy S20 FE 5G Fan Edition Lawendowy,"""Możesz kupić maksymalnie dwie sztuki smartfona Samsung Galaxy S20 FE Fan Edition – niezależnie od wersji i koloru. Wszystkie zamówienia na więcej sztuk będziemy automatycznie edytować.
Dostępność produktu jest uzależniona od dostaw producenta. Zamówienia będą realizowane chronologicznie.""",1625.2,1999.00,1,2,smartfony-i-telefony,Procesor:Qualcomm Snapdragon 865:1:0;Pamięć:6 GB:2:0,http://localhost/import/Samsung_Galaxy_S20_FE_5G_Fan_Edition_Lawendowy.jpg
Motorola edge 20 pro 5G 12/256GB Indigo Vegan Lether 144Hz,"""Poznaj Motorola Edge 20 Pro 5G w 100 sekund
Zastanawiasz się nad zakupem Motorola Edge 20 Pro 5G? Poniższy materiał wideo w zwięzłej formie zaprezentuje Ci produkt i przedstawi jego zalety.""",2072.36,2549.00,1,9,smartfony-i-telefony,Procesor:Qualcomm Snapdragon 870:1:0;Pamięć:12 GB:2:0,http://localhost/import/Motorola_edge_20_pro_5G_12_256GB_Indigo_Vegan_Lether_144Hz.jpg
Xiaomi 12X 8/128GB Grey,"""Smartfon Xiaomi 12X 8/128 GB Grey
Xiaomi 12X 8/128 GB Grey to kompaktowy smartfon, w którym drzemie moc możliwości flagowych modeli. Mimo wyświetlacza o przekątnej 6,28”, 12X ma szerokość jedynie 69,9 mm i waży ok. 176 g. Wewnątrz obudowy znajdują się wyłącznie najnowocześniejsze komponenty, które zapewnia Ci wysoki komfort obsługi. Wszystko działa płynnie, aparat robi cudowne zdjęcia, a jakość wyświetlanego obrazu cieszy oko. Wisienką na torcie jest bateria 4500 mAh, z szybkim ładowaniem do 67 W.""",2194.31,2699.00,1,3,smartfony-i-telefony,Procesor:Qualcomm Snapdragon 870:1:0;Pamięć:8 GB:2:0,http://localhost/import/Xiaomi_12X_8_128GB_Grey.jpg
Xiaomi 12T 8/128GB Black,"""W 100 sekund dookoła Xiaomi 12T
Chcesz lepiej poznać smartfon Xiaomi 12T? Oglądając poniższy materiał wideo, w zaledwie 100 sekund poznasz wszystkie cechy tego produktu.""",2072.36,2549.00,1,7,smartfony-i-telefony,Procesor:MediaTek Dimensity 8100:1:0;Pamięć:8 GB:2:0,http://localhost/import/Xiaomi_12T_8_128GB_Black.jpg
Xiaomi 11 Lite 5G NE 8/256GB Truffle Black,"""Smartfon Xiaomi 11 Lite 5G NE 256 GB Truffle Black
Spójrz na Xiaomi 11 Lite 5G NE 256 GB Truffle Black i przekonaj się, że to smartfon stworzony dla Ciebie. Zakochaj się w zdjęciach doskonałej jakości i odkryj magię profesjonalnych filmów. Ekran z wieloma udoskonaleniami sprawi, że staniesz się fanem oglądania seriali na wyświetlaczu smartfona. Wydajny procesor wspomoże każde z Twoich działań, a duża bateria ułatwi codzienną pracę i pozwoli Ci zapomnieć o zabieraniu ze sobą ładowarki w każdą podróż.""",1511.38,1859.00,1,4,smartfony-i-telefony,Procesor:Qualcomm Snapdragon 778G:1:0;Pamięć:8 GB:2:0,http://localhost/import/Xiaomi_11_Lite_5G_NE_8_256GB_Truffle_Black.jpg
Xiaomi Redmi Note 11 Pro 5G 6/128GB Graphite Gray,"""Xiaomi Redmi Note 11 Pro 5G 6/128 GB Graphite Gray
Możesz zacząć wykonywać fotografie Xiaomi Redmi Note 11 Pro 5G 6/128 GB szary, przednim lub tylnym aparatem. Wybór należy do Ciebie. W wolnej chwili włącz swój ulubiony serial, a jego jakość Cię onieśmieli. To zasługa wyświetlacza o wielkości 6,67 cala. Ma on także rozdzielczość Full HD+ oraz matrycę AMOLED. A o płynne wykonywanie wszelakich zadań na Redmi Note 11 Pro 5G zadba procesor z ośmioma rdzeniami. Natomiast całość ubrano w elegancką obudowę w szarym kolorze.""",1421.95,1749.00,1,5,smartfony-i-telefony,Procesor:Qualcomm Snapdragon 695:1:0;Pamięć:6 GB:2:0,http://localhost/import/Xiaomi_Redmi_Note_11_Pro_5G_6_128GB_Graphite_Gray.jpg
